--------------------------------------------------------
--  File created - Sunday-October-13-2019   
--------------------------------------------------------
--------------------------------------------------------
--  DDL for Sequence PS_TXN_SEQ
--------------------------------------------------------

   CREATE SEQUENCE  "STORE_SHOP"."PS_TXN_SEQ"  MINVALUE 1 MAXVALUE 9999999999999999999999999999 INCREMENT BY 50 START WITH 29451 CACHE 20 NOORDER  NOCYCLE ;
--------------------------------------------------------
--  DDL for Table BILL_SALE
--------------------------------------------------------

  CREATE TABLE "STORE_SHOP"."BILL_SALE" 
   (	"ID" NUMBER, 
	"SALE_DATE" DATE, 
	"TOTAL_PRICE" NUMBER, 
	"DISCOUNT" NUMBER DEFAULT 0, 
	"CUSTOMER" NUMBER, 
	"CREATED_BY" NUMBER, 
	"CREATED_DATE" DATE, 
	"LAST_UPDATED_DATE" DATE, 
	"LAST_UPDATED_BY" NUMBER
   ) SEGMENT CREATION IMMEDIATE 
  PCTFREE 10 PCTUSED 40 INITRANS 1 MAXTRANS 255 NOCOMPRESS LOGGING
  STORAGE(INITIAL 65536 NEXT 1048576 MINEXTENTS 1 MAXEXTENTS 2147483645
  PCTINCREASE 0 FREELISTS 1 FREELIST GROUPS 1 BUFFER_POOL DEFAULT FLASH_CACHE DEFAULT CELL_FLASH_CACHE DEFAULT)
  TABLESPACE "SYSTEM" ;

   COMMENT ON COLUMN "STORE_SHOP"."BILL_SALE"."ID" IS 'المسلسل';
   COMMENT ON COLUMN "STORE_SHOP"."BILL_SALE"."SALE_DATE" IS 'تاريخ فاتوة البيع';
   COMMENT ON COLUMN "STORE_SHOP"."BILL_SALE"."TOTAL_PRICE" IS 'اجمالي سعر الفاتورة';
   COMMENT ON COLUMN "STORE_SHOP"."BILL_SALE"."DISCOUNT" IS 'اجمالي خصم الفاتورة';
   COMMENT ON COLUMN "STORE_SHOP"."BILL_SALE"."CUSTOMER" IS 'العميل';
--------------------------------------------------------
--  DDL for Table BILL_SALE_DETAILS
--------------------------------------------------------

  CREATE TABLE "STORE_SHOP"."BILL_SALE_DETAILS" 
   (	"ID" NUMBER, 
	"PRICE" NUMBER, 
	"DISCOUNT" NUMBER DEFAULT 0, 
	"CREATED_BY" NUMBER, 
	"CREATED_DATE" DATE, 
	"LAST_UPDATED_DATE" DATE, 
	"LAST_UPDATED_BY" NUMBER, 
	"BILL_SALE_ID" NUMBER, 
	"PRODUCT" NUMBER, 
	"AMOUNT" NUMBER, 
	"PRODUCT_CATEGORY" NUMBER
   ) SEGMENT CREATION IMMEDIATE 
  PCTFREE 10 PCTUSED 40 INITRANS 1 MAXTRANS 255 NOCOMPRESS LOGGING
  STORAGE(INITIAL 65536 NEXT 1048576 MINEXTENTS 1 MAXEXTENTS 2147483645
  PCTINCREASE 0 FREELISTS 1 FREELIST GROUPS 1 BUFFER_POOL DEFAULT FLASH_CACHE DEFAULT CELL_FLASH_CACHE DEFAULT)
  TABLESPACE "SYSTEM" ;

   COMMENT ON COLUMN "STORE_SHOP"."BILL_SALE_DETAILS"."ID" IS 'المسلسل';
   COMMENT ON COLUMN "STORE_SHOP"."BILL_SALE_DETAILS"."PRICE" IS 'السعر';
   COMMENT ON COLUMN "STORE_SHOP"."BILL_SALE_DETAILS"."DISCOUNT" IS 'الخصم';
   COMMENT ON COLUMN "STORE_SHOP"."BILL_SALE_DETAILS"."CREATED_BY" IS 'by';
   COMMENT ON COLUMN "STORE_SHOP"."BILL_SALE_DETAILS"."PRODUCT" IS 'المنتج';
   COMMENT ON COLUMN "STORE_SHOP"."BILL_SALE_DETAILS"."AMOUNT" IS 'العدد';
   COMMENT ON COLUMN "STORE_SHOP"."BILL_SALE_DETAILS"."PRODUCT_CATEGORY" IS 'تصنيف المنتج';
--------------------------------------------------------
--  DDL for Table CUSTOMERS
--------------------------------------------------------

  CREATE TABLE "STORE_SHOP"."CUSTOMERS" 
   (	"NAME" VARCHAR2(70 BYTE), 
	"ADDRESS" VARCHAR2(100 BYTE), 
	"PHONE_NUMBER" VARCHAR2(11 BYTE), 
	"ID" NUMBER, 
	"CREATED_BY" NUMBER, 
	"CREATED_DATE" DATE, 
	"LAST_UPDATED_DATE" DATE, 
	"LAST_UPDATED_BY" NUMBER, 
	"EMAIL" VARCHAR2(30 BYTE)
   ) SEGMENT CREATION IMMEDIATE 
  PCTFREE 10 PCTUSED 40 INITRANS 1 MAXTRANS 255 NOCOMPRESS LOGGING
  STORAGE(INITIAL 65536 NEXT 1048576 MINEXTENTS 1 MAXEXTENTS 2147483645
  PCTINCREASE 0 FREELISTS 1 FREELIST GROUPS 1 MAXSIZE UNLIMITED BUFFER_POOL DEFAULT FLASH_CACHE DEFAULT CELL_FLASH_CACHE DEFAULT)
  TABLESPACE "SYSTEM" ;

   COMMENT ON COLUMN "STORE_SHOP"."CUSTOMERS"."NAME" IS 'اسم العميل';
   COMMENT ON COLUMN "STORE_SHOP"."CUSTOMERS"."ADDRESS" IS 'العنوان';
   COMMENT ON COLUMN "STORE_SHOP"."CUSTOMERS"."PHONE_NUMBER" IS 'رقم الهاتف';
   COMMENT ON COLUMN "STORE_SHOP"."CUSTOMERS"."ID" IS 'المسلسل';
   COMMENT ON COLUMN "STORE_SHOP"."CUSTOMERS"."EMAIL" IS 'الايميل';
--------------------------------------------------------
--  DDL for Table EDUCATIONAL_LEVEL
--------------------------------------------------------

  CREATE TABLE "STORE_SHOP"."EDUCATIONAL_LEVEL" 
   (	"ID" NUMBER, 
	"NAME" VARCHAR2(50 BYTE), 
	"DESCRIPTION" VARCHAR2(100 BYTE)
   ) SEGMENT CREATION IMMEDIATE 
  PCTFREE 10 PCTUSED 40 INITRANS 1 MAXTRANS 255 NOCOMPRESS LOGGING
  STORAGE(INITIAL 65536 NEXT 1048576 MINEXTENTS 1 MAXEXTENTS 2147483645
  PCTINCREASE 0 FREELISTS 1 FREELIST GROUPS 1 BUFFER_POOL DEFAULT FLASH_CACHE DEFAULT CELL_FLASH_CACHE DEFAULT)
  TABLESPACE "SYSTEM" ;
--------------------------------------------------------
--  DDL for Table EDUCATIONAL_SUBJECT
--------------------------------------------------------

  CREATE TABLE "STORE_SHOP"."EDUCATIONAL_SUBJECT" 
   (	"ID" NUMBER, 
	"EDUCATIONAL_LEVEL" NUMBER, 
	"SUBJECT" NUMBER, 
	"DESCRIPTION" VARCHAR2(100 BYTE), 
	"PRICE" NUMBER DEFAULT 0
   ) SEGMENT CREATION IMMEDIATE 
  PCTFREE 10 PCTUSED 40 INITRANS 1 MAXTRANS 255 NOCOMPRESS LOGGING
  STORAGE(INITIAL 65536 NEXT 1048576 MINEXTENTS 1 MAXEXTENTS 2147483645
  PCTINCREASE 0 FREELISTS 1 FREELIST GROUPS 1 BUFFER_POOL DEFAULT FLASH_CACHE DEFAULT CELL_FLASH_CACHE DEFAULT)
  TABLESPACE "SYSTEM" ;
--------------------------------------------------------
--  DDL for Table EMPLOYEES
--------------------------------------------------------

  CREATE TABLE "STORE_SHOP"."EMPLOYEES" 
   (	"NAME" VARCHAR2(70 BYTE), 
	"PHONE_NUMBER" VARCHAR2(11 BYTE), 
	"ADDRESS" VARCHAR2(100 BYTE), 
	"HIRE_DATE" DATE, 
	"ID" NUMBER, 
	"SALARY" NUMBER, 
	"CREATED_BY" NUMBER, 
	"CREATED_DATE" DATE, 
	"LAST_UPDATED_DATE" DATE, 
	"LAST_UPDATED_BY" NUMBER
   ) SEGMENT CREATION IMMEDIATE 
  PCTFREE 10 PCTUSED 40 INITRANS 1 MAXTRANS 255 NOCOMPRESS LOGGING
  STORAGE(INITIAL 65536 NEXT 1048576 MINEXTENTS 1 MAXEXTENTS 2147483645
  PCTINCREASE 0 FREELISTS 1 FREELIST GROUPS 1 MAXSIZE UNLIMITED BUFFER_POOL DEFAULT FLASH_CACHE DEFAULT CELL_FLASH_CACHE DEFAULT)
  TABLESPACE "SYSTEM" ;

   COMMENT ON COLUMN "STORE_SHOP"."EMPLOYEES"."NAME" IS 'اسم الموظف';
   COMMENT ON COLUMN "STORE_SHOP"."EMPLOYEES"."PHONE_NUMBER" IS 'رقم الهاتف';
   COMMENT ON COLUMN "STORE_SHOP"."EMPLOYEES"."ADDRESS" IS 'العنوان';
   COMMENT ON COLUMN "STORE_SHOP"."EMPLOYEES"."HIRE_DATE" IS 'تاريخ التعيين';
   COMMENT ON COLUMN "STORE_SHOP"."EMPLOYEES"."ID" IS 'المسلسل';
   COMMENT ON COLUMN "STORE_SHOP"."EMPLOYEES"."SALARY" IS 'المرتب';
--------------------------------------------------------
--  DDL for Table GROUPS
--------------------------------------------------------

  CREATE TABLE "STORE_SHOP"."GROUPS" 
   (	"ID" NUMBER, 
	"NAME" VARCHAR2(50 BYTE), 
	"EDUCATIONAL_LEVEL" NUMBER, 
	"DESCRIPTION" VARCHAR2(100 BYTE), 
	"SUBJECT_ID" NUMBER
   ) SEGMENT CREATION IMMEDIATE 
  PCTFREE 10 PCTUSED 40 INITRANS 1 MAXTRANS 255 NOCOMPRESS LOGGING
  STORAGE(INITIAL 65536 NEXT 1048576 MINEXTENTS 1 MAXEXTENTS 2147483645
  PCTINCREASE 0 FREELISTS 1 FREELIST GROUPS 1 BUFFER_POOL DEFAULT FLASH_CACHE DEFAULT CELL_FLASH_CACHE DEFAULT)
  TABLESPACE "SYSTEM" ;
--------------------------------------------------------
--  DDL for Table GROUP_APPOINTMENTS
--------------------------------------------------------

  CREATE TABLE "STORE_SHOP"."GROUP_APPOINTMENTS" 
   (	"ID" NUMBER, 
	"GROUP_ID" NUMBER, 
	"DAY" NUMBER, 
	"TIME_FROM" INTERVAL DAY (2) TO SECOND (6), 
	"TIME_TO" INTERVAL DAY (2) TO SECOND (6), 
	"DESCRIPTION" VARCHAR2(100 BYTE)
   ) SEGMENT CREATION IMMEDIATE 
  PCTFREE 10 PCTUSED 40 INITRANS 1 MAXTRANS 255 NOCOMPRESS LOGGING
  STORAGE(INITIAL 65536 NEXT 1048576 MINEXTENTS 1 MAXEXTENTS 2147483645
  PCTINCREASE 0 FREELISTS 1 FREELIST GROUPS 1 BUFFER_POOL DEFAULT FLASH_CACHE DEFAULT CELL_FLASH_CACHE DEFAULT)
  TABLESPACE "SYSTEM" ;
--------------------------------------------------------
--  DDL for Table GROUP_STUDENT
--------------------------------------------------------

  CREATE TABLE "STORE_SHOP"."GROUP_STUDENT" 
   (	"ID" NUMBER, 
	"GROUP_ID" NUMBER, 
	"STUDENT_ID" NUMBER, 
	"DESCRIPTION" VARCHAR2(100 BYTE)
   ) SEGMENT CREATION IMMEDIATE 
  PCTFREE 10 PCTUSED 40 INITRANS 1 MAXTRANS 255 NOCOMPRESS LOGGING
  STORAGE(INITIAL 65536 NEXT 1048576 MINEXTENTS 1 MAXEXTENTS 2147483645
  PCTINCREASE 0 FREELISTS 1 FREELIST GROUPS 1 BUFFER_POOL DEFAULT FLASH_CACHE DEFAULT CELL_FLASH_CACHE DEFAULT)
  TABLESPACE "SYSTEM" ;
--------------------------------------------------------
--  DDL for Table MONEY
--------------------------------------------------------

  CREATE TABLE "STORE_SHOP"."MONEY" 
   (	"ID" NUMBER, 
	"GROUP_STUDENT" NUMBER, 
	"PAY_DATE" DATE, 
	"MONEY" NUMBER, 
	"REMAINING" NUMBER DEFAULT 0, 
	"NOTES" VARCHAR2(100 BYTE), 
	"GROUP_ID" NUMBER
   ) SEGMENT CREATION IMMEDIATE 
  PCTFREE 10 PCTUSED 40 INITRANS 1 MAXTRANS 255 NOCOMPRESS LOGGING
  STORAGE(INITIAL 65536 NEXT 1048576 MINEXTENTS 1 MAXEXTENTS 2147483645
  PCTINCREASE 0 FREELISTS 1 FREELIST GROUPS 1 BUFFER_POOL DEFAULT FLASH_CACHE DEFAULT CELL_FLASH_CACHE DEFAULT)
  TABLESPACE "SYSTEM" ;
--------------------------------------------------------
--  DDL for Table OTHER_PAYMENTS
--------------------------------------------------------

  CREATE TABLE "STORE_SHOP"."OTHER_PAYMENTS" 
   (	"ID" NUMBER, 
	"PAYMENT_TYPE" NUMBER, 
	"PAYMENT_DATE" DATE, 
	"COMMENTS" VARCHAR2(200 BYTE), 
	"CREATED_BY" NUMBER, 
	"CREATED_DATE" DATE, 
	"LAST_UPDATED_BY" NUMBER, 
	"LAST_UPDATED_DATE" DATE, 
	"PRICE" NUMBER DEFAULT 0
   ) SEGMENT CREATION IMMEDIATE 
  PCTFREE 10 PCTUSED 40 INITRANS 1 MAXTRANS 255 NOCOMPRESS LOGGING
  STORAGE(INITIAL 65536 NEXT 1048576 MINEXTENTS 1 MAXEXTENTS 2147483645
  PCTINCREASE 0 FREELISTS 1 FREELIST GROUPS 1 BUFFER_POOL DEFAULT FLASH_CACHE DEFAULT CELL_FLASH_CACHE DEFAULT)
  TABLESPACE "SYSTEM" ;
--------------------------------------------------------
--  DDL for Table PAYMENTS_TYPES
--------------------------------------------------------

  CREATE TABLE "STORE_SHOP"."PAYMENTS_TYPES" 
   (	"ID" NUMBER, 
	"NAME" VARCHAR2(70 BYTE), 
	"CREATED_BY" NUMBER, 
	"CREATED_DATE" DATE, 
	"LAST_UPDATED_BY" NUMBER, 
	"LAST_UPDATED_DATE" DATE
   ) SEGMENT CREATION IMMEDIATE 
  PCTFREE 10 PCTUSED 40 INITRANS 1 MAXTRANS 255 NOCOMPRESS LOGGING
  STORAGE(INITIAL 65536 NEXT 1048576 MINEXTENTS 1 MAXEXTENTS 2147483645
  PCTINCREASE 0 FREELISTS 1 FREELIST GROUPS 1 BUFFER_POOL DEFAULT FLASH_CACHE DEFAULT CELL_FLASH_CACHE DEFAULT)
  TABLESPACE "SYSTEM" ;
--------------------------------------------------------
--  DDL for Table PRODUCTS
--------------------------------------------------------

  CREATE TABLE "STORE_SHOP"."PRODUCTS" 
   (	"ID" NUMBER, 
	"CATEGORY" NUMBER, 
	"TYPE" NUMBER, 
	"STATUS" NUMBER, 
	"CREATED_BY" NUMBER, 
	"CREATED_DATE" DATE, 
	"LAST_UPDATED_BY" NUMBER, 
	"LAST_UPDATED_DATE" DATE
   ) SEGMENT CREATION IMMEDIATE 
  PCTFREE 10 PCTUSED 40 INITRANS 1 MAXTRANS 255 NOCOMPRESS LOGGING
  STORAGE(INITIAL 65536 NEXT 1048576 MINEXTENTS 1 MAXEXTENTS 2147483645
  PCTINCREASE 0 FREELISTS 1 FREELIST GROUPS 1 BUFFER_POOL DEFAULT FLASH_CACHE DEFAULT CELL_FLASH_CACHE DEFAULT)
  TABLESPACE "SYSTEM" ;
--------------------------------------------------------
--  DDL for Table PRODUCTS_CATEGORY
--------------------------------------------------------

  CREATE TABLE "STORE_SHOP"."PRODUCTS_CATEGORY" 
   (	"ID" NUMBER, 
	"NAME" VARCHAR2(70 BYTE), 
	"CREATED_BY" NUMBER, 
	"CREATED_DATE" DATE, 
	"LAST_UPDATED_BY" NUMBER, 
	"LAST_UPDATED_DATE" DATE
   ) SEGMENT CREATION IMMEDIATE 
  PCTFREE 10 PCTUSED 40 INITRANS 1 MAXTRANS 255 NOCOMPRESS LOGGING
  STORAGE(INITIAL 65536 NEXT 1048576 MINEXTENTS 1 MAXEXTENTS 2147483645
  PCTINCREASE 0 FREELISTS 1 FREELIST GROUPS 1 BUFFER_POOL DEFAULT FLASH_CACHE DEFAULT CELL_FLASH_CACHE DEFAULT)
  TABLESPACE "SYSTEM" ;
--------------------------------------------------------
--  DDL for Table PRODUCTS_TYPE
--------------------------------------------------------

  CREATE TABLE "STORE_SHOP"."PRODUCTS_TYPE" 
   (	"ID" NUMBER, 
	"NAME" VARCHAR2(70 BYTE), 
	"CREATED_BY" NUMBER, 
	"CREATED_DATE" DATE, 
	"LAST_UPDATED_BY" NUMBER, 
	"LAST_UPDATED_DATE" DATE, 
	"CATEGORY" NUMBER, 
	"PURCHASE_PRICE" NUMBER, 
	"SALE_PRICE" NUMBER, 
	"PHOTO" BLOB
   ) SEGMENT CREATION IMMEDIATE 
  PCTFREE 10 PCTUSED 40 INITRANS 1 MAXTRANS 255 NOCOMPRESS LOGGING
  STORAGE(INITIAL 65536 NEXT 1048576 MINEXTENTS 1 MAXEXTENTS 2147483645
  PCTINCREASE 0 FREELISTS 1 FREELIST GROUPS 1 BUFFER_POOL DEFAULT FLASH_CACHE DEFAULT CELL_FLASH_CACHE DEFAULT)
  TABLESPACE "SYSTEM" 
 LOB ("PHOTO") STORE AS BASICFILE (
  TABLESPACE "SYSTEM" ENABLE STORAGE IN ROW CHUNK 8192 RETENTION 
  NOCACHE LOGGING 
  STORAGE(INITIAL 65536 NEXT 1048576 MINEXTENTS 1 MAXEXTENTS 2147483645
  PCTINCREASE 0 FREELISTS 1 FREELIST GROUPS 1 BUFFER_POOL DEFAULT FLASH_CACHE DEFAULT CELL_FLASH_CACHE DEFAULT)) ;
--------------------------------------------------------
--  DDL for Table PRODUCT_STATUS
--------------------------------------------------------

  CREATE TABLE "STORE_SHOP"."PRODUCT_STATUS" 
   (	"ID" NUMBER, 
	"NAME" VARCHAR2(20 BYTE)
   ) SEGMENT CREATION IMMEDIATE 
  PCTFREE 10 PCTUSED 40 INITRANS 1 MAXTRANS 255 NOCOMPRESS LOGGING
  STORAGE(INITIAL 65536 NEXT 1048576 MINEXTENTS 1 MAXEXTENTS 2147483645
  PCTINCREASE 0 FREELISTS 1 FREELIST GROUPS 1 BUFFER_POOL DEFAULT FLASH_CACHE DEFAULT CELL_FLASH_CACHE DEFAULT)
  TABLESPACE "SYSTEM" ;
--------------------------------------------------------
--  DDL for Table PROJECT_COMPANY_DATA
--------------------------------------------------------

  CREATE TABLE "STORE_SHOP"."PROJECT_COMPANY_DATA" 
   (	"ID" NUMBER, 
	"COMPANY_NAME" VARCHAR2(100 BYTE), 
	"ADDRESS" VARCHAR2(100 BYTE), 
	"PHONE_NUMBER" VARCHAR2(11 BYTE), 
	"COMMERICIAL_ID" VARCHAR2(20 BYTE), 
	"TAX_CARD" VARCHAR2(20 BYTE)
   ) SEGMENT CREATION IMMEDIATE 
  PCTFREE 10 PCTUSED 40 INITRANS 1 MAXTRANS 255 NOCOMPRESS LOGGING
  STORAGE(INITIAL 65536 NEXT 1048576 MINEXTENTS 1 MAXEXTENTS 2147483645
  PCTINCREASE 0 FREELISTS 1 FREELIST GROUPS 1 BUFFER_POOL DEFAULT FLASH_CACHE DEFAULT CELL_FLASH_CACHE DEFAULT)
  TABLESPACE "SYSTEM" ;
--------------------------------------------------------
--  DDL for Table PS_TXN
--------------------------------------------------------

  CREATE TABLE "STORE_SHOP"."PS_TXN" 
   (	"ID" NUMBER(20,0), 
	"PARENTID" NUMBER(20,0), 
	"COLLID" NUMBER(10,0), 
	"CONTENT" BLOB, 
	"CREATION_DATE" DATE DEFAULT sysdate
   ) SEGMENT CREATION IMMEDIATE 
  PCTFREE 10 PCTUSED 40 INITRANS 1 MAXTRANS 255 NOCOMPRESS LOGGING
  STORAGE(INITIAL 65536 NEXT 1048576 MINEXTENTS 1 MAXEXTENTS 2147483645
  PCTINCREASE 0 FREELISTS 1 FREELIST GROUPS 1 BUFFER_POOL DEFAULT FLASH_CACHE DEFAULT CELL_FLASH_CACHE DEFAULT)
  TABLESPACE "SYSTEM" 
 LOB ("CONTENT") STORE AS BASICFILE (
  TABLESPACE "SYSTEM" ENABLE STORAGE IN ROW CHUNK 8192 RETENTION 
  CACHE 
  STORAGE(INITIAL 65536 NEXT 1048576 MINEXTENTS 1 MAXEXTENTS 2147483645
  PCTINCREASE 0 FREELISTS 1 FREELIST GROUPS 1 BUFFER_POOL DEFAULT FLASH_CACHE DEFAULT CELL_FLASH_CACHE DEFAULT)) ;
--------------------------------------------------------
--  DDL for Table PURCHASE_BILL
--------------------------------------------------------

  CREATE TABLE "STORE_SHOP"."PURCHASE_BILL" 
   (	"ID" NUMBER, 
	"BILL_DATE" DATE, 
	"SUPPLIER" NUMBER, 
	"TOTAL_PRICE" NUMBER, 
	"TOTAL_DISCOUNT" NUMBER DEFAULT 0, 
	"CREATED_BY" NUMBER, 
	"CREATED_DATE" DATE, 
	"LAST_UPDATED_BY" NUMBER, 
	"LAST_UPDATED_DATE" DATE
   ) SEGMENT CREATION IMMEDIATE 
  PCTFREE 10 PCTUSED 40 INITRANS 1 MAXTRANS 255 NOCOMPRESS LOGGING
  STORAGE(INITIAL 65536 NEXT 1048576 MINEXTENTS 1 MAXEXTENTS 2147483645
  PCTINCREASE 0 FREELISTS 1 FREELIST GROUPS 1 BUFFER_POOL DEFAULT FLASH_CACHE DEFAULT CELL_FLASH_CACHE DEFAULT)
  TABLESPACE "SYSTEM" ;
--------------------------------------------------------
--  DDL for Table PURCHASE_BILL_DETAILS
--------------------------------------------------------

  CREATE TABLE "STORE_SHOP"."PURCHASE_BILL_DETAILS" 
   (	"ID" NUMBER, 
	"PURCHASE_BILL" NUMBER, 
	"PRODUCT" NUMBER, 
	"CREATED_BY" NUMBER, 
	"CREATED_DATE" DATE, 
	"LAST_UPDATED_BY" NUMBER, 
	"LAST_UPDATED_DATE" DATE, 
	"PRICE" NUMBER, 
	"PRODUCT_CATEGORY" NUMBER, 
	"AMOUNT" NUMBER DEFAULT 1, 
	"DISCOUNT" NUMBER DEFAULT 0
   ) SEGMENT CREATION IMMEDIATE 
  PCTFREE 10 PCTUSED 40 INITRANS 1 MAXTRANS 255 NOCOMPRESS LOGGING
  STORAGE(INITIAL 65536 NEXT 1048576 MINEXTENTS 1 MAXEXTENTS 2147483645
  PCTINCREASE 0 FREELISTS 1 FREELIST GROUPS 1 BUFFER_POOL DEFAULT FLASH_CACHE DEFAULT CELL_FLASH_CACHE DEFAULT)
  TABLESPACE "SYSTEM" ;
--------------------------------------------------------
--  DDL for Table STUDENT
--------------------------------------------------------

  CREATE TABLE "STORE_SHOP"."STUDENT" 
   (	"ID" NUMBER, 
	"NAME" VARCHAR2(70 BYTE), 
	"PHONE" VARCHAR2(11 BYTE), 
	"ADDRESS" VARCHAR2(70 BYTE), 
	"PHOTO" BLOB, 
	"EMAIL" VARCHAR2(50 BYTE), 
	"DESCRIPTION" VARCHAR2(100 BYTE)
   ) SEGMENT CREATION IMMEDIATE 
  PCTFREE 10 PCTUSED 40 INITRANS 1 MAXTRANS 255 NOCOMPRESS LOGGING
  STORAGE(INITIAL 65536 NEXT 1048576 MINEXTENTS 1 MAXEXTENTS 2147483645
  PCTINCREASE 0 FREELISTS 1 FREELIST GROUPS 1 BUFFER_POOL DEFAULT FLASH_CACHE DEFAULT CELL_FLASH_CACHE DEFAULT)
  TABLESPACE "SYSTEM" 
 LOB ("PHOTO") STORE AS BASICFILE (
  TABLESPACE "SYSTEM" ENABLE STORAGE IN ROW CHUNK 8192 RETENTION 
  NOCACHE LOGGING 
  STORAGE(INITIAL 65536 NEXT 1048576 MINEXTENTS 1 MAXEXTENTS 2147483645
  PCTINCREASE 0 FREELISTS 1 FREELIST GROUPS 1 BUFFER_POOL DEFAULT FLASH_CACHE DEFAULT CELL_FLASH_CACHE DEFAULT)) ;
--------------------------------------------------------
--  DDL for Table SUBJECT
--------------------------------------------------------

  CREATE TABLE "STORE_SHOP"."SUBJECT" 
   (	"ID" NUMBER, 
	"NAME" VARCHAR2(50 BYTE), 
	"DESCRIPTION" VARCHAR2(100 BYTE)
   ) SEGMENT CREATION IMMEDIATE 
  PCTFREE 10 PCTUSED 40 INITRANS 1 MAXTRANS 255 NOCOMPRESS LOGGING
  STORAGE(INITIAL 65536 NEXT 1048576 MINEXTENTS 1 MAXEXTENTS 2147483645
  PCTINCREASE 0 FREELISTS 1 FREELIST GROUPS 1 BUFFER_POOL DEFAULT FLASH_CACHE DEFAULT CELL_FLASH_CACHE DEFAULT)
  TABLESPACE "SYSTEM" ;
--------------------------------------------------------
--  DDL for Table SUPPLIERS
--------------------------------------------------------

  CREATE TABLE "STORE_SHOP"."SUPPLIERS" 
   (	"ID" NUMBER, 
	"COMPANY_NAME" VARCHAR2(70 BYTE), 
	"ADDRESS" VARCHAR2(100 BYTE), 
	"PHONE_NUMBER" VARCHAR2(11 BYTE), 
	"CREATED_BY" NUMBER, 
	"CREATED_DATE" DATE, 
	"LAST_UPDATED_DATE" DATE, 
	"LAST_UPDATED_BY" NUMBER
   ) SEGMENT CREATION IMMEDIATE 
  PCTFREE 10 PCTUSED 40 INITRANS 1 MAXTRANS 255 NOCOMPRESS LOGGING
  STORAGE(INITIAL 65536 NEXT 1048576 MINEXTENTS 1 MAXEXTENTS 2147483645
  PCTINCREASE 0 FREELISTS 1 FREELIST GROUPS 1 MAXSIZE UNLIMITED BUFFER_POOL DEFAULT FLASH_CACHE DEFAULT CELL_FLASH_CACHE DEFAULT)
  TABLESPACE "SYSTEM" ;

   COMMENT ON COLUMN "STORE_SHOP"."SUPPLIERS"."ID" IS 'المسلسل';
   COMMENT ON COLUMN "STORE_SHOP"."SUPPLIERS"."COMPANY_NAME" IS 'اسم الشركة';
   COMMENT ON COLUMN "STORE_SHOP"."SUPPLIERS"."ADDRESS" IS 'عنوان الشركة';
   COMMENT ON COLUMN "STORE_SHOP"."SUPPLIERS"."PHONE_NUMBER" IS 'رقم الهاتف';
   COMMENT ON TABLE "STORE_SHOP"."SUPPLIERS"  IS 'الموردين';
--------------------------------------------------------
--  DDL for Table SYSTEM_ROLE
--------------------------------------------------------

  CREATE TABLE "STORE_SHOP"."SYSTEM_ROLE" 
   (	"ID" NUMBER, 
	"NAME" VARCHAR2(100 BYTE), 
	"CREATED_BY" NUMBER, 
	"CREATED_DATE" DATE, 
	"LAST_UPDATED_DATE" DATE, 
	"LAST_UPDATED_BY" NUMBER
   ) SEGMENT CREATION IMMEDIATE 
  PCTFREE 10 PCTUSED 40 INITRANS 1 MAXTRANS 255 NOCOMPRESS LOGGING
  STORAGE(INITIAL 65536 NEXT 1048576 MINEXTENTS 1 MAXEXTENTS 2147483645
  PCTINCREASE 0 FREELISTS 1 FREELIST GROUPS 1 MAXSIZE UNLIMITED BUFFER_POOL DEFAULT FLASH_CACHE DEFAULT CELL_FLASH_CACHE DEFAULT)
  TABLESPACE "SYSTEM" ;

   COMMENT ON COLUMN "STORE_SHOP"."SYSTEM_ROLE"."ID" IS 'المسلسل';
   COMMENT ON COLUMN "STORE_SHOP"."SYSTEM_ROLE"."NAME" IS 'الوظيفة';
--------------------------------------------------------
--  DDL for Table SYS_ROLE_TASKFLOW
--------------------------------------------------------

  CREATE TABLE "STORE_SHOP"."SYS_ROLE_TASKFLOW" 
   (	"ID" NUMBER, 
	"ROLE_ID" NUMBER, 
	"TASKFLOW_ID" NUMBER, 
	"CREATED_BY" NUMBER, 
	"CREATED_DATE" DATE, 
	"LAST_UPDATED_DATE" DATE, 
	"LAST_UPDATED_BY" NUMBER
   ) SEGMENT CREATION IMMEDIATE 
  PCTFREE 10 PCTUSED 40 INITRANS 1 MAXTRANS 255 NOCOMPRESS LOGGING
  STORAGE(INITIAL 65536 NEXT 1048576 MINEXTENTS 1 MAXEXTENTS 2147483645
  PCTINCREASE 0 FREELISTS 1 FREELIST GROUPS 1 BUFFER_POOL DEFAULT FLASH_CACHE DEFAULT CELL_FLASH_CACHE DEFAULT)
  TABLESPACE "SYSTEM" ;
--------------------------------------------------------
--  DDL for Table SYS_TASKFLOWS
--------------------------------------------------------

  CREATE TABLE "STORE_SHOP"."SYS_TASKFLOWS" 
   (	"ID" NUMBER, 
	"TASKFLOW_NAME" VARCHAR2(100 BYTE), 
	"PARENT" NUMBER, 
	"TASK_FLOW_URL" VARCHAR2(100 BYTE), 
	"CREATED_BY" NUMBER, 
	"CREATED_DATE" DATE, 
	"LAST_UPDATED_DATE" DATE, 
	"LAST_UPDATED_BY" NUMBER, 
	"VISIBLE" CHAR(1 BYTE) DEFAULT 1, 
	"TREE_LEVEL" NUMBER, 
	"ORDER_SEQ" NUMBER
   ) SEGMENT CREATION IMMEDIATE 
  PCTFREE 10 PCTUSED 40 INITRANS 1 MAXTRANS 255 NOCOMPRESS LOGGING
  STORAGE(INITIAL 65536 NEXT 1048576 MINEXTENTS 1 MAXEXTENTS 2147483645
  PCTINCREASE 0 FREELISTS 1 FREELIST GROUPS 1 BUFFER_POOL DEFAULT FLASH_CACHE DEFAULT CELL_FLASH_CACHE DEFAULT)
  TABLESPACE "SYSTEM" ;
--------------------------------------------------------
--  DDL for Table SYS_USER
--------------------------------------------------------

  CREATE TABLE "STORE_SHOP"."SYS_USER" 
   (	"ID" NUMBER, 
	"NAME" VARCHAR2(100 BYTE), 
	"PASSWORD" VARCHAR2(10 BYTE), 
	"PHONE_NUMBER" VARCHAR2(11 BYTE), 
	"ADDRESS" VARCHAR2(100 BYTE), 
	"ROLE" NUMBER, 
	"CREATED_BY" NUMBER, 
	"CREATED_DATE" DATE, 
	"LAST_UPDATED_DATE" DATE, 
	"LAST_UPDATED_BY" NUMBER
   ) SEGMENT CREATION IMMEDIATE 
  PCTFREE 10 PCTUSED 40 INITRANS 1 MAXTRANS 255 NOCOMPRESS LOGGING
  STORAGE(INITIAL 65536 NEXT 1048576 MINEXTENTS 1 MAXEXTENTS 2147483645
  PCTINCREASE 0 FREELISTS 1 FREELIST GROUPS 1 BUFFER_POOL DEFAULT FLASH_CACHE DEFAULT CELL_FLASH_CACHE DEFAULT)
  TABLESPACE "SYSTEM" ;

   COMMENT ON COLUMN "STORE_SHOP"."SYS_USER"."ID" IS 'المسلسل';
   COMMENT ON COLUMN "STORE_SHOP"."SYS_USER"."NAME" IS 'اسم المستخدم
';
   COMMENT ON COLUMN "STORE_SHOP"."SYS_USER"."PASSWORD" IS 'الرقم السري';
   COMMENT ON COLUMN "STORE_SHOP"."SYS_USER"."PHONE_NUMBER" IS 'رقم الهاتف';
   COMMENT ON COLUMN "STORE_SHOP"."SYS_USER"."ADDRESS" IS 'العنوان';
   COMMENT ON COLUMN "STORE_SHOP"."SYS_USER"."ROLE" IS 'الوظيفة
';
--------------------------------------------------------
--  DDL for Table TESTS
--------------------------------------------------------

  CREATE TABLE "STORE_SHOP"."TESTS" 
   (	"ID" NUMBER, 
	"TEST_NAME" VARCHAR2(50 BYTE), 
	"GROUP_ID" NUMBER, 
	"TEST_DATE" DATE, 
	"MATERIAL" BLOB, 
	"NOTES" VARCHAR2(100 BYTE), 
	"DEGREE" NUMBER
   ) SEGMENT CREATION IMMEDIATE 
  PCTFREE 10 PCTUSED 40 INITRANS 1 MAXTRANS 255 NOCOMPRESS LOGGING
  STORAGE(INITIAL 65536 NEXT 1048576 MINEXTENTS 1 MAXEXTENTS 2147483645
  PCTINCREASE 0 FREELISTS 1 FREELIST GROUPS 1 BUFFER_POOL DEFAULT FLASH_CACHE DEFAULT CELL_FLASH_CACHE DEFAULT)
  TABLESPACE "SYSTEM" 
 LOB ("MATERIAL") STORE AS BASICFILE (
  TABLESPACE "SYSTEM" ENABLE STORAGE IN ROW CHUNK 8192 RETENTION 
  NOCACHE LOGGING 
  STORAGE(INITIAL 65536 NEXT 1048576 MINEXTENTS 1 MAXEXTENTS 2147483645
  PCTINCREASE 0 FREELISTS 1 FREELIST GROUPS 1 BUFFER_POOL DEFAULT FLASH_CACHE DEFAULT CELL_FLASH_CACHE DEFAULT)) ;
--------------------------------------------------------
--  DDL for Table TEST_STUDENT
--------------------------------------------------------

  CREATE TABLE "STORE_SHOP"."TEST_STUDENT" 
   (	"ID" NUMBER, 
	"TEST_ID" NUMBER, 
	"GROUP_STUDENT" NUMBER, 
	"DEGREE" NUMBER, 
	"NOTES" VARCHAR2(100 BYTE), 
	"GROUP_ID" NUMBER
   ) SEGMENT CREATION IMMEDIATE 
  PCTFREE 10 PCTUSED 40 INITRANS 1 MAXTRANS 255 NOCOMPRESS LOGGING
  STORAGE(INITIAL 65536 NEXT 1048576 MINEXTENTS 1 MAXEXTENTS 2147483645
  PCTINCREASE 0 FREELISTS 1 FREELIST GROUPS 1 BUFFER_POOL DEFAULT FLASH_CACHE DEFAULT CELL_FLASH_CACHE DEFAULT)
  TABLESPACE "SYSTEM" ;
--------------------------------------------------------
--  DDL for Table WEEK_DAYS
--------------------------------------------------------

  CREATE TABLE "STORE_SHOP"."WEEK_DAYS" 
   (	"ID" NUMBER, 
	"NAME" VARCHAR2(20 BYTE)
   ) SEGMENT CREATION IMMEDIATE 
  PCTFREE 10 PCTUSED 40 INITRANS 1 MAXTRANS 255 NOCOMPRESS LOGGING
  STORAGE(INITIAL 65536 NEXT 1048576 MINEXTENTS 1 MAXEXTENTS 2147483645
  PCTINCREASE 0 FREELISTS 1 FREELIST GROUPS 1 BUFFER_POOL DEFAULT FLASH_CACHE DEFAULT CELL_FLASH_CACHE DEFAULT)
  TABLESPACE "SYSTEM" ;
REM INSERTING into STORE_SHOP.BILL_SALE
SET DEFINE OFF;
Insert into STORE_SHOP.BILL_SALE (ID,SALE_DATE,TOTAL_PRICE,DISCOUNT,CUSTOMER,CREATED_BY,CREATED_DATE,LAST_UPDATED_DATE,LAST_UPDATED_BY) values (4,to_date('08-AUG-19','DD-MON-RR'),360,0,3,null,null,null,null);
Insert into STORE_SHOP.BILL_SALE (ID,SALE_DATE,TOTAL_PRICE,DISCOUNT,CUSTOMER,CREATED_BY,CREATED_DATE,LAST_UPDATED_DATE,LAST_UPDATED_BY) values (1,to_date('06-DEC-07','DD-MON-RR'),195,20,2,null,null,null,null);
Insert into STORE_SHOP.BILL_SALE (ID,SALE_DATE,TOTAL_PRICE,DISCOUNT,CUSTOMER,CREATED_BY,CREATED_DATE,LAST_UPDATED_DATE,LAST_UPDATED_BY) values (2,to_date('07-AUG-19','DD-MON-RR'),90,0,1,null,null,null,null);
Insert into STORE_SHOP.BILL_SALE (ID,SALE_DATE,TOTAL_PRICE,DISCOUNT,CUSTOMER,CREATED_BY,CREATED_DATE,LAST_UPDATED_DATE,LAST_UPDATED_BY) values (3,to_date('07-AUG-19','DD-MON-RR'),735,0,3,null,null,null,null);
Insert into STORE_SHOP.BILL_SALE (ID,SALE_DATE,TOTAL_PRICE,DISCOUNT,CUSTOMER,CREATED_BY,CREATED_DATE,LAST_UPDATED_DATE,LAST_UPDATED_BY) values (5,to_date('30-JUL-19','DD-MON-RR'),0,0,1,null,null,null,null);
REM INSERTING into STORE_SHOP.BILL_SALE_DETAILS
SET DEFINE OFF;
Insert into STORE_SHOP.BILL_SALE_DETAILS (ID,PRICE,DISCOUNT,CREATED_BY,CREATED_DATE,LAST_UPDATED_DATE,LAST_UPDATED_BY,BILL_SALE_ID,PRODUCT,AMOUNT,PRODUCT_CATEGORY) values (4,240,0,1,to_date('08-AUG-19','DD-MON-RR'),to_date('08-AUG-19','DD-MON-RR'),1,3,10,4,2);
Insert into STORE_SHOP.BILL_SALE_DETAILS (ID,PRICE,DISCOUNT,CREATED_BY,CREATED_DATE,LAST_UPDATED_DATE,LAST_UPDATED_BY,BILL_SALE_ID,PRODUCT,AMOUNT,PRODUCT_CATEGORY) values (2,90,0,1,to_date('07-AUG-19','DD-MON-RR'),to_date('08-AUG-19','DD-MON-RR'),1,2,8,2,2);
Insert into STORE_SHOP.BILL_SALE_DETAILS (ID,PRICE,DISCOUNT,CREATED_BY,CREATED_DATE,LAST_UPDATED_DATE,LAST_UPDATED_BY,BILL_SALE_ID,PRODUCT,AMOUNT,PRODUCT_CATEGORY) values (3,60,10,1,to_date('07-AUG-19','DD-MON-RR'),to_date('08-AUG-19','DD-MON-RR'),1,1,10,1,2);
Insert into STORE_SHOP.BILL_SALE_DETAILS (ID,PRICE,DISCOUNT,CREATED_BY,CREATED_DATE,LAST_UPDATED_DATE,LAST_UPDATED_BY,BILL_SALE_ID,PRODUCT,AMOUNT,PRODUCT_CATEGORY) values (5,135,0,1,to_date('08-AUG-19','DD-MON-RR'),null,null,3,8,3,2);
Insert into STORE_SHOP.BILL_SALE_DETAILS (ID,PRICE,DISCOUNT,CREATED_BY,CREATED_DATE,LAST_UPDATED_DATE,LAST_UPDATED_BY,BILL_SALE_ID,PRODUCT,AMOUNT,PRODUCT_CATEGORY) values (6,135,10,1,to_date('08-AUG-19','DD-MON-RR'),to_date('08-AUG-19','DD-MON-RR'),1,1,8,3,2);
Insert into STORE_SHOP.BILL_SALE_DETAILS (ID,PRICE,DISCOUNT,CREATED_BY,CREATED_DATE,LAST_UPDATED_DATE,LAST_UPDATED_BY,BILL_SALE_ID,PRODUCT,AMOUNT,PRODUCT_CATEGORY) values (7,360,0,1,to_date('08-AUG-19','DD-MON-RR'),null,null,3,11,6,1);
Insert into STORE_SHOP.BILL_SALE_DETAILS (ID,PRICE,DISCOUNT,CREATED_BY,CREATED_DATE,LAST_UPDATED_DATE,LAST_UPDATED_BY,BILL_SALE_ID,PRODUCT,AMOUNT,PRODUCT_CATEGORY) values (8,360,0,1,to_date('25-AUG-19','DD-MON-RR'),null,null,4,11,6,1);
REM INSERTING into STORE_SHOP.CUSTOMERS
SET DEFINE OFF;
Insert into STORE_SHOP.CUSTOMERS (NAME,ADDRESS,PHONE_NUMBER,ID,CREATED_BY,CREATED_DATE,LAST_UPDATED_DATE,LAST_UPDATED_BY,EMAIL) values ('عبدالمعطي السعيد','محلة زياد ش الثانوي','01068941993',1,1,to_date('26-JUL-19','DD-MON-RR'),to_date('27-JUL-19','DD-MON-RR'),1,'abdelmoityalsaid@gmail.com');
Insert into STORE_SHOP.CUSTOMERS (NAME,ADDRESS,PHONE_NUMBER,ID,CREATED_BY,CREATED_DATE,LAST_UPDATED_DATE,LAST_UPDATED_BY,EMAIL) values ('ايناس ابراهيم','asasa','01002000300',2,1,to_date('27-JUL-19','DD-MON-RR'),to_date('27-JUL-19','DD-MON-RR'),1,'asasasassa');
Insert into STORE_SHOP.CUSTOMERS (NAME,ADDRESS,PHONE_NUMBER,ID,CREATED_BY,CREATED_DATE,LAST_UPDATED_DATE,LAST_UPDATED_BY,EMAIL) values ('بدون اسم',null,'01065469999',3,1,to_date('07-AUG-19','DD-MON-RR'),null,null,null);
REM INSERTING into STORE_SHOP.EDUCATIONAL_LEVEL
SET DEFINE OFF;
Insert into STORE_SHOP.EDUCATIONAL_LEVEL (ID,NAME,DESCRIPTION) values (1,'الاول الاعدادي','555');
Insert into STORE_SHOP.EDUCATIONAL_LEVEL (ID,NAME,DESCRIPTION) values (2,'الثاني الاعدادي','2');
Insert into STORE_SHOP.EDUCATIONAL_LEVEL (ID,NAME,DESCRIPTION) values (3,'الاول الثانوي','333');
REM INSERTING into STORE_SHOP.EDUCATIONAL_SUBJECT
SET DEFINE OFF;
Insert into STORE_SHOP.EDUCATIONAL_SUBJECT (ID,EDUCATIONAL_LEVEL,SUBJECT,DESCRIPTION,PRICE) values (1,3,1,null,200);
REM INSERTING into STORE_SHOP.EMPLOYEES
SET DEFINE OFF;
REM INSERTING into STORE_SHOP.GROUPS
SET DEFINE OFF;
REM INSERTING into STORE_SHOP.GROUP_APPOINTMENTS
SET DEFINE OFF;
REM INSERTING into STORE_SHOP.GROUP_STUDENT
SET DEFINE OFF;
REM INSERTING into STORE_SHOP.MONEY
SET DEFINE OFF;
REM INSERTING into STORE_SHOP.OTHER_PAYMENTS
SET DEFINE OFF;
Insert into STORE_SHOP.OTHER_PAYMENTS (ID,PAYMENT_TYPE,PAYMENT_DATE,COMMENTS,CREATED_BY,CREATED_DATE,LAST_UPDATED_BY,LAST_UPDATED_DATE,PRICE) values (1,2,to_date('08-AUG-19','DD-MON-RR'),null,1,to_date('08-AUG-19','DD-MON-RR'),1,to_date('08-AUG-19','DD-MON-RR'),100);
Insert into STORE_SHOP.OTHER_PAYMENTS (ID,PAYMENT_TYPE,PAYMENT_DATE,COMMENTS,CREATED_BY,CREATED_DATE,LAST_UPDATED_BY,LAST_UPDATED_DATE,PRICE) values (2,3,to_date('15-AUG-19','DD-MON-RR'),null,1,to_date('08-AUG-19','DD-MON-RR'),null,null,500);
Insert into STORE_SHOP.OTHER_PAYMENTS (ID,PAYMENT_TYPE,PAYMENT_DATE,COMMENTS,CREATED_BY,CREATED_DATE,LAST_UPDATED_BY,LAST_UPDATED_DATE,PRICE) values (3,1,to_date('05-AUG-19','DD-MON-RR'),null,1,to_date('08-AUG-19','DD-MON-RR'),null,null,300);
Insert into STORE_SHOP.OTHER_PAYMENTS (ID,PAYMENT_TYPE,PAYMENT_DATE,COMMENTS,CREATED_BY,CREATED_DATE,LAST_UPDATED_BY,LAST_UPDATED_DATE,PRICE) values (4,1,to_date('05-AUG-19','DD-MON-RR'),null,1,to_date('08-AUG-19','DD-MON-RR'),null,null,200);
REM INSERTING into STORE_SHOP.PAYMENTS_TYPES
SET DEFINE OFF;
Insert into STORE_SHOP.PAYMENTS_TYPES (ID,NAME,CREATED_BY,CREATED_DATE,LAST_UPDATED_BY,LAST_UPDATED_DATE) values (2,'كهرباء',1,to_date('01-AUG-19','DD-MON-RR'),1,to_date('01-AUG-19','DD-MON-RR'));
Insert into STORE_SHOP.PAYMENTS_TYPES (ID,NAME,CREATED_BY,CREATED_DATE,LAST_UPDATED_BY,LAST_UPDATED_DATE) values (3,'ايجار',1,to_date('01-AUG-19','DD-MON-RR'),null,null);
Insert into STORE_SHOP.PAYMENTS_TYPES (ID,NAME,CREATED_BY,CREATED_DATE,LAST_UPDATED_BY,LAST_UPDATED_DATE) values (1,'أجرة سيارة',1,to_date('01-AUG-19','DD-MON-RR'),1,to_date('01-AUG-19','DD-MON-RR'));
REM INSERTING into STORE_SHOP.PRODUCTS
SET DEFINE OFF;
REM INSERTING into STORE_SHOP.PRODUCTS_CATEGORY
SET DEFINE OFF;
Insert into STORE_SHOP.PRODUCTS_CATEGORY (ID,NAME,CREATED_BY,CREATED_DATE,LAST_UPDATED_BY,LAST_UPDATED_DATE) values (1,'العاب ذكاء',1,to_date('27-JUL-19','DD-MON-RR'),null,null);
Insert into STORE_SHOP.PRODUCTS_CATEGORY (ID,NAME,CREATED_BY,CREATED_DATE,LAST_UPDATED_BY,LAST_UPDATED_DATE) values (2,'العاب اطفال 1 سنة',1,to_date('27-JUL-19','DD-MON-RR'),null,null);
Insert into STORE_SHOP.PRODUCTS_CATEGORY (ID,NAME,CREATED_BY,CREATED_DATE,LAST_UPDATED_BY,LAST_UPDATED_DATE) values (3,'كتب اطفال',1,to_date('08-AUG-19','DD-MON-RR'),1,to_date('08-AUG-19','DD-MON-RR'));
REM INSERTING into STORE_SHOP.PRODUCTS_TYPE
SET DEFINE OFF;
Insert into STORE_SHOP.PRODUCTS_TYPE (ID,NAME,CREATED_BY,CREATED_DATE,LAST_UPDATED_BY,LAST_UPDATED_DATE,CATEGORY,PURCHASE_PRICE,SALE_PRICE) values (10,'test',1,to_date('29-JUL-19','DD-MON-RR'),1,to_date('01-AUG-19','DD-MON-RR'),2,45,60);
Insert into STORE_SHOP.PRODUCTS_TYPE (ID,NAME,CREATED_BY,CREATED_DATE,LAST_UPDATED_BY,LAST_UPDATED_DATE,CATEGORY,PURCHASE_PRICE,SALE_PRICE) values (9,'العاب سرعه',1,to_date('27-JUL-19','DD-MON-RR'),1,to_date('08-AUG-19','DD-MON-RR'),1,20,30);
Insert into STORE_SHOP.PRODUCTS_TYPE (ID,NAME,CREATED_BY,CREATED_DATE,LAST_UPDATED_BY,LAST_UPDATED_DATE,CATEGORY,PURCHASE_PRICE,SALE_PRICE) values (11,'العاب ذكاء 1',1,to_date('04-AUG-19','DD-MON-RR'),null,null,1,50,60);
Insert into STORE_SHOP.PRODUCTS_TYPE (ID,NAME,CREATED_BY,CREATED_DATE,LAST_UPDATED_BY,LAST_UPDATED_DATE,CATEGORY,PURCHASE_PRICE,SALE_PRICE) values (12,'TEST',1,to_date('05-AUG-19','DD-MON-RR'),null,null,1,100,110);
Insert into STORE_SHOP.PRODUCTS_TYPE (ID,NAME,CREATED_BY,CREATED_DATE,LAST_UPDATED_BY,LAST_UPDATED_DATE,CATEGORY,PURCHASE_PRICE,SALE_PRICE) values (13,'دومينو خضروات',1,to_date('08-AUG-19','DD-MON-RR'),null,null,1,90,100);
Insert into STORE_SHOP.PRODUCTS_TYPE (ID,NAME,CREATED_BY,CREATED_DATE,LAST_UPDATED_BY,LAST_UPDATED_DATE,CATEGORY,PURCHASE_PRICE,SALE_PRICE) values (8,'لعبه تجميع اشكال',1,to_date('27-JUL-19','DD-MON-RR'),1,to_date('27-JUL-19','DD-MON-RR'),2,30,45);
REM INSERTING into STORE_SHOP.PRODUCT_STATUS
SET DEFINE OFF;
Insert into STORE_SHOP.PRODUCT_STATUS (ID,NAME) values (1,'جديد');
Insert into STORE_SHOP.PRODUCT_STATUS (ID,NAME) values (2,'مباع');
Insert into STORE_SHOP.PRODUCT_STATUS (ID,NAME) values (3,'مرتجع');
REM INSERTING into STORE_SHOP.PROJECT_COMPANY_DATA
SET DEFINE OFF;
Insert into STORE_SHOP.PROJECT_COMPANY_DATA (ID,COMPANY_NAME,ADDRESS,PHONE_NUMBER,COMMERICIAL_ID,TAX_CARD) values (1,'MECANO','MAHALLET_ZIAD','01068941993','0123456','54545');
REM INSERTING into STORE_SHOP.PS_TXN
SET DEFINE OFF;
Insert into STORE_SHOP.PS_TXN (ID,PARENTID,COLLID,CREATION_DATE) values (1,-1,18901,to_date('27-JUL-19','DD-MON-RR'));
Insert into STORE_SHOP.PS_TXN (ID,PARENTID,COLLID,CREATION_DATE) values (1,-1,23101,to_date('05-AUG-19','DD-MON-RR'));
Insert into STORE_SHOP.PS_TXN (ID,PARENTID,COLLID,CREATION_DATE) values (1,-1,21001,to_date('27-JUL-19','DD-MON-RR'));
Insert into STORE_SHOP.PS_TXN (ID,PARENTID,COLLID,CREATION_DATE) values (1,-1,22051,to_date('29-JUL-19','DD-MON-RR'));
Insert into STORE_SHOP.PS_TXN (ID,PARENTID,COLLID,CREATION_DATE) values (1,-1,24151,to_date('05-AUG-19','DD-MON-RR'));
Insert into STORE_SHOP.PS_TXN (ID,PARENTID,COLLID,CREATION_DATE) values (1,-1,24152,to_date('05-AUG-19','DD-MON-RR'));
Insert into STORE_SHOP.PS_TXN (ID,PARENTID,COLLID,CREATION_DATE) values (1,-1,25201,to_date('07-AUG-19','DD-MON-RR'));
Insert into STORE_SHOP.PS_TXN (ID,PARENTID,COLLID,CREATION_DATE) values (1,-1,26251,to_date('18-AUG-19','DD-MON-RR'));
Insert into STORE_SHOP.PS_TXN (ID,PARENTID,COLLID,CREATION_DATE) values (1,-1,26252,to_date('18-AUG-19','DD-MON-RR'));
Insert into STORE_SHOP.PS_TXN (ID,PARENTID,COLLID,CREATION_DATE) values (1,-1,27401,to_date('25-AUG-19','DD-MON-RR'));
REM INSERTING into STORE_SHOP.PURCHASE_BILL
SET DEFINE OFF;
Insert into STORE_SHOP.PURCHASE_BILL (ID,BILL_DATE,SUPPLIER,TOTAL_PRICE,TOTAL_DISCOUNT,CREATED_BY,CREATED_DATE,LAST_UPDATED_BY,LAST_UPDATED_DATE) values (1,to_date('04-AUG-19','DD-MON-RR'),1,500,0,1,to_date('04-AUG-19','DD-MON-RR'),null,null);
Insert into STORE_SHOP.PURCHASE_BILL (ID,BILL_DATE,SUPPLIER,TOTAL_PRICE,TOTAL_DISCOUNT,CREATED_BY,CREATED_DATE,LAST_UPDATED_BY,LAST_UPDATED_DATE) values (2,to_date('12-AUG-19','DD-MON-RR'),1,1500,50,1,to_date('05-AUG-19','DD-MON-RR'),null,null);
Insert into STORE_SHOP.PURCHASE_BILL (ID,BILL_DATE,SUPPLIER,TOTAL_PRICE,TOTAL_DISCOUNT,CREATED_BY,CREATED_DATE,LAST_UPDATED_BY,LAST_UPDATED_DATE) values (3,to_date('25-AUG-19','DD-MON-RR'),2,3000,100,1,to_date('25-AUG-19','DD-MON-RR'),1,to_date('25-AUG-19','DD-MON-RR'));
REM INSERTING into STORE_SHOP.PURCHASE_BILL_DETAILS
SET DEFINE OFF;
Insert into STORE_SHOP.PURCHASE_BILL_DETAILS (ID,PURCHASE_BILL,PRODUCT,CREATED_BY,CREATED_DATE,LAST_UPDATED_BY,LAST_UPDATED_DATE,PRICE,PRODUCT_CATEGORY,AMOUNT,DISCOUNT) values (3,1,9,1,to_date('04-AUG-19','DD-MON-RR'),1,to_date('04-AUG-19','DD-MON-RR'),300,1,2,0);
Insert into STORE_SHOP.PURCHASE_BILL_DETAILS (ID,PURCHASE_BILL,PRODUCT,CREATED_BY,CREATED_DATE,LAST_UPDATED_BY,LAST_UPDATED_DATE,PRICE,PRODUCT_CATEGORY,AMOUNT,DISCOUNT) values (4,1,11,1,to_date('04-AUG-19','DD-MON-RR'),null,null,700,1,6,20);
Insert into STORE_SHOP.PURCHASE_BILL_DETAILS (ID,PURCHASE_BILL,PRODUCT,CREATED_BY,CREATED_DATE,LAST_UPDATED_BY,LAST_UPDATED_DATE,PRICE,PRODUCT_CATEGORY,AMOUNT,DISCOUNT) values (1,1,8,1,to_date('04-AUG-19','DD-MON-RR'),1,to_date('25-AUG-19','DD-MON-RR'),240,2,20,0);
Insert into STORE_SHOP.PURCHASE_BILL_DETAILS (ID,PURCHASE_BILL,PRODUCT,CREATED_BY,CREATED_DATE,LAST_UPDATED_BY,LAST_UPDATED_DATE,PRICE,PRODUCT_CATEGORY,AMOUNT,DISCOUNT) values (2,1,11,1,to_date('04-AUG-19','DD-MON-RR'),null,null,500,1,5,0);
Insert into STORE_SHOP.PURCHASE_BILL_DETAILS (ID,PURCHASE_BILL,PRODUCT,CREATED_BY,CREATED_DATE,LAST_UPDATED_BY,LAST_UPDATED_DATE,PRICE,PRODUCT_CATEGORY,AMOUNT,DISCOUNT) values (5,1,10,1,to_date('04-AUG-19','DD-MON-RR'),1,to_date('05-AUG-19','DD-MON-RR'),854,2,19,10);
Insert into STORE_SHOP.PURCHASE_BILL_DETAILS (ID,PURCHASE_BILL,PRODUCT,CREATED_BY,CREATED_DATE,LAST_UPDATED_BY,LAST_UPDATED_DATE,PRICE,PRODUCT_CATEGORY,AMOUNT,DISCOUNT) values (8,3,10,1,to_date('25-AUG-19','DD-MON-RR'),1,to_date('25-AUG-19','DD-MON-RR'),1700,2,50,0);
REM INSERTING into STORE_SHOP.STUDENT
SET DEFINE OFF;
REM INSERTING into STORE_SHOP.SUBJECT
SET DEFINE OFF;
Insert into STORE_SHOP.SUBJECT (ID,NAME,DESCRIPTION) values (1,'الفقة','sdd');
Insert into STORE_SHOP.SUBJECT (ID,NAME,DESCRIPTION) values (2,'الادب',null);
REM INSERTING into STORE_SHOP.SUPPLIERS
SET DEFINE OFF;
Insert into STORE_SHOP.SUPPLIERS (ID,COMPANY_NAME,ADDRESS,PHONE_NUMBER,CREATED_BY,CREATED_DATE,LAST_UPDATED_DATE,LAST_UPDATED_BY) values (1,'شركة الالعاب الذكية','المحلة الكبري','01065478899',1,to_date('09-MAR-19','DD-MON-RR'),to_date('26-JUL-19','DD-MON-RR'),1);
Insert into STORE_SHOP.SUPPLIERS (ID,COMPANY_NAME,ADDRESS,PHONE_NUMBER,CREATED_BY,CREATED_DATE,LAST_UPDATED_DATE,LAST_UPDATED_BY) values (2,'شركة الاحلام','المنصورة','01056459877',1,to_date('08-AUG-19','DD-MON-RR'),null,null);
REM INSERTING into STORE_SHOP.SYSTEM_ROLE
SET DEFINE OFF;
Insert into STORE_SHOP.SYSTEM_ROLE (ID,NAME,CREATED_BY,CREATED_DATE,LAST_UPDATED_DATE,LAST_UPDATED_BY) values (1,'مدير نظام',null,null,null,null);
Insert into STORE_SHOP.SYSTEM_ROLE (ID,NAME,CREATED_BY,CREATED_DATE,LAST_UPDATED_DATE,LAST_UPDATED_BY) values (2,'موظف',null,null,null,null);
REM INSERTING into STORE_SHOP.SYS_ROLE_TASKFLOW
SET DEFINE OFF;
Insert into STORE_SHOP.SYS_ROLE_TASKFLOW (ID,ROLE_ID,TASKFLOW_ID,CREATED_BY,CREATED_DATE,LAST_UPDATED_DATE,LAST_UPDATED_BY) values (1,1,40,null,null,null,null);
Insert into STORE_SHOP.SYS_ROLE_TASKFLOW (ID,ROLE_ID,TASKFLOW_ID,CREATED_BY,CREATED_DATE,LAST_UPDATED_DATE,LAST_UPDATED_BY) values (13,1,52,null,null,null,null);
Insert into STORE_SHOP.SYS_ROLE_TASKFLOW (ID,ROLE_ID,TASKFLOW_ID,CREATED_BY,CREATED_DATE,LAST_UPDATED_DATE,LAST_UPDATED_BY) values (2,1,41,null,null,null,null);
Insert into STORE_SHOP.SYS_ROLE_TASKFLOW (ID,ROLE_ID,TASKFLOW_ID,CREATED_BY,CREATED_DATE,LAST_UPDATED_DATE,LAST_UPDATED_BY) values (3,1,42,null,null,null,null);
Insert into STORE_SHOP.SYS_ROLE_TASKFLOW (ID,ROLE_ID,TASKFLOW_ID,CREATED_BY,CREATED_DATE,LAST_UPDATED_DATE,LAST_UPDATED_BY) values (4,1,43,null,null,null,null);
Insert into STORE_SHOP.SYS_ROLE_TASKFLOW (ID,ROLE_ID,TASKFLOW_ID,CREATED_BY,CREATED_DATE,LAST_UPDATED_DATE,LAST_UPDATED_BY) values (5,1,44,null,null,null,null);
Insert into STORE_SHOP.SYS_ROLE_TASKFLOW (ID,ROLE_ID,TASKFLOW_ID,CREATED_BY,CREATED_DATE,LAST_UPDATED_DATE,LAST_UPDATED_BY) values (6,1,45,null,null,null,null);
Insert into STORE_SHOP.SYS_ROLE_TASKFLOW (ID,ROLE_ID,TASKFLOW_ID,CREATED_BY,CREATED_DATE,LAST_UPDATED_DATE,LAST_UPDATED_BY) values (7,1,46,null,null,null,null);
Insert into STORE_SHOP.SYS_ROLE_TASKFLOW (ID,ROLE_ID,TASKFLOW_ID,CREATED_BY,CREATED_DATE,LAST_UPDATED_DATE,LAST_UPDATED_BY) values (8,1,47,null,null,null,null);
Insert into STORE_SHOP.SYS_ROLE_TASKFLOW (ID,ROLE_ID,TASKFLOW_ID,CREATED_BY,CREATED_DATE,LAST_UPDATED_DATE,LAST_UPDATED_BY) values (9,1,48,null,null,null,null);
Insert into STORE_SHOP.SYS_ROLE_TASKFLOW (ID,ROLE_ID,TASKFLOW_ID,CREATED_BY,CREATED_DATE,LAST_UPDATED_DATE,LAST_UPDATED_BY) values (10,1,49,null,null,null,null);
Insert into STORE_SHOP.SYS_ROLE_TASKFLOW (ID,ROLE_ID,TASKFLOW_ID,CREATED_BY,CREATED_DATE,LAST_UPDATED_DATE,LAST_UPDATED_BY) values (11,1,50,null,null,null,null);
Insert into STORE_SHOP.SYS_ROLE_TASKFLOW (ID,ROLE_ID,TASKFLOW_ID,CREATED_BY,CREATED_DATE,LAST_UPDATED_DATE,LAST_UPDATED_BY) values (12,1,51,null,null,null,null);
REM INSERTING into STORE_SHOP.SYS_TASKFLOWS
SET DEFINE OFF;
Insert into STORE_SHOP.SYS_TASKFLOWS (ID,TASKFLOW_NAME,PARENT,TASK_FLOW_URL,CREATED_BY,CREATED_DATE,LAST_UPDATED_DATE,LAST_UPDATED_BY,VISIBLE,TREE_LEVEL,ORDER_SEQ) values (1,'الرئيسيه',null,'/taskflows/main_TF.xml#main_TF',null,null,null,null,'0',null,1);
Insert into STORE_SHOP.SYS_TASKFLOWS (ID,TASKFLOW_NAME,PARENT,TASK_FLOW_URL,CREATED_BY,CREATED_DATE,LAST_UPDATED_DATE,LAST_UPDATED_BY,VISIBLE,TREE_LEVEL,ORDER_SEQ) values (2,'البيانات الاساسية',null,null,null,null,null,null,'0',null,2);
Insert into STORE_SHOP.SYS_TASKFLOWS (ID,TASKFLOW_NAME,PARENT,TASK_FLOW_URL,CREATED_BY,CREATED_DATE,LAST_UPDATED_DATE,LAST_UPDATED_BY,VISIBLE,TREE_LEVEL,ORDER_SEQ) values (4,'الموردين',2,'/taskflows/lookups/suppliers_TF.xml#suppliers_TF',null,null,null,null,'0',null,null);
Insert into STORE_SHOP.SYS_TASKFLOWS (ID,TASKFLOW_NAME,PARENT,TASK_FLOW_URL,CREATED_BY,CREATED_DATE,LAST_UPDATED_DATE,LAST_UPDATED_BY,VISIBLE,TREE_LEVEL,ORDER_SEQ) values (3,'العملاء',2,'/taskflows/lookups/customers_TF.xml#customers_TF',null,null,null,null,'0',null,null);
Insert into STORE_SHOP.SYS_TASKFLOWS (ID,TASKFLOW_NAME,PARENT,TASK_FLOW_URL,CREATED_BY,CREATED_DATE,LAST_UPDATED_DATE,LAST_UPDATED_BY,VISIBLE,TREE_LEVEL,ORDER_SEQ) values (5,'الموظفين',2,'/taskflows/lookups/employees_TF.xml#employees_TF',null,null,null,null,'0',null,null);
Insert into STORE_SHOP.SYS_TASKFLOWS (ID,TASKFLOW_NAME,PARENT,TASK_FLOW_URL,CREATED_BY,CREATED_DATE,LAST_UPDATED_DATE,LAST_UPDATED_BY,VISIBLE,TREE_LEVEL,ORDER_SEQ) values (8,'المدفوعات',null,null,null,null,null,null,'0',null,3);
Insert into STORE_SHOP.SYS_TASKFLOWS (ID,TASKFLOW_NAME,PARENT,TASK_FLOW_URL,CREATED_BY,CREATED_DATE,LAST_UPDATED_DATE,LAST_UPDATED_BY,VISIBLE,TREE_LEVEL,ORDER_SEQ) values (9,'فواتير شراء',8,'/taskflows/purchases/purchasesTF.xml#purchasesTF',null,null,null,null,'0',null,null);
Insert into STORE_SHOP.SYS_TASKFLOWS (ID,TASKFLOW_NAME,PARENT,TASK_FLOW_URL,CREATED_BY,CREATED_DATE,LAST_UPDATED_DATE,LAST_UPDATED_BY,VISIBLE,TREE_LEVEL,ORDER_SEQ) values (6,'انواع المنتجات',2,'/taskflows/lookups/productsTypes_TF.xml#productsTypes_TF',null,null,null,null,'0',null,null);
Insert into STORE_SHOP.SYS_TASKFLOWS (ID,TASKFLOW_NAME,PARENT,TASK_FLOW_URL,CREATED_BY,CREATED_DATE,LAST_UPDATED_DATE,LAST_UPDATED_BY,VISIBLE,TREE_LEVEL,ORDER_SEQ) values (10,'مدفوعات أخري',8,'/taskflows/otherPaymentsTF.xml#otherPaymentsTF',null,null,null,null,'0',null,null);
Insert into STORE_SHOP.SYS_TASKFLOWS (ID,TASKFLOW_NAME,PARENT,TASK_FLOW_URL,CREATED_BY,CREATED_DATE,LAST_UPDATED_DATE,LAST_UPDATED_BY,VISIBLE,TREE_LEVEL,ORDER_SEQ) values (11,'المبيعات',null,null,null,null,null,null,'0',null,5);
Insert into STORE_SHOP.SYS_TASKFLOWS (ID,TASKFLOW_NAME,PARENT,TASK_FLOW_URL,CREATED_BY,CREATED_DATE,LAST_UPDATED_DATE,LAST_UPDATED_BY,VISIBLE,TREE_LEVEL,ORDER_SEQ) values (12,'فواتير بيع',11,'/taskflows/sales/salesTF.xml#salesTF',null,null,null,null,'0',null,null);
Insert into STORE_SHOP.SYS_TASKFLOWS (ID,TASKFLOW_NAME,PARENT,TASK_FLOW_URL,CREATED_BY,CREATED_DATE,LAST_UPDATED_DATE,LAST_UPDATED_BY,VISIBLE,TREE_LEVEL,ORDER_SEQ) values (7,'أنواع المدفوعات',2,'/taskflows/lookups/paymentsTypesTF.xml#paymentsTypesTF',null,null,null,null,'0',null,null);
Insert into STORE_SHOP.SYS_TASKFLOWS (ID,TASKFLOW_NAME,PARENT,TASK_FLOW_URL,CREATED_BY,CREATED_DATE,LAST_UPDATED_DATE,LAST_UPDATED_BY,VISIBLE,TREE_LEVEL,ORDER_SEQ) values (21,'تقرير بأعداد المنتجات وسعرها الحالي',16,'/taskflows/reports/allProducts_TF.xml#allProducts_TF',null,null,null,null,'0',null,null);
Insert into STORE_SHOP.SYS_TASKFLOWS (ID,TASKFLOW_NAME,PARENT,TASK_FLOW_URL,CREATED_BY,CREATED_DATE,LAST_UPDATED_DATE,LAST_UPDATED_BY,VISIBLE,TREE_LEVEL,ORDER_SEQ) values (16,'التقارير',null,null,null,null,null,null,'0',null,7);
Insert into STORE_SHOP.SYS_TASKFLOWS (ID,TASKFLOW_NAME,PARENT,TASK_FLOW_URL,CREATED_BY,CREATED_DATE,LAST_UPDATED_DATE,LAST_UPDATED_BY,VISIBLE,TREE_LEVEL,ORDER_SEQ) values (22,'تقرير باجمالي المدفوعات والمتحصلات خلال فترة معينة',16,'/taskflows/reports/allPaymentsSalesOther_TF.xml#allPaymentsSalesOther_TF',null,null,null,null,'0',null,null);
Insert into STORE_SHOP.SYS_TASKFLOWS (ID,TASKFLOW_NAME,PARENT,TASK_FLOW_URL,CREATED_BY,CREATED_DATE,LAST_UPDATED_DATE,LAST_UPDATED_BY,VISIBLE,TREE_LEVEL,ORDER_SEQ) values (13,'الادارة',null,null,null,null,null,null,'0',null,6);
Insert into STORE_SHOP.SYS_TASKFLOWS (ID,TASKFLOW_NAME,PARENT,TASK_FLOW_URL,CREATED_BY,CREATED_DATE,LAST_UPDATED_DATE,LAST_UPDATED_BY,VISIBLE,TREE_LEVEL,ORDER_SEQ) values (14,'المستخدمين',13,'/taskflows/security/usersTF.xml#usersTF',null,null,null,null,'0',null,null);
Insert into STORE_SHOP.SYS_TASKFLOWS (ID,TASKFLOW_NAME,PARENT,TASK_FLOW_URL,CREATED_BY,CREATED_DATE,LAST_UPDATED_DATE,LAST_UPDATED_BY,VISIBLE,TREE_LEVEL,ORDER_SEQ) values (15,'إدارة الصلاحيات',13,'/taskflows/security/sysRoleTaskFlows.xml#sysRoleTaskFlows',null,null,null,null,'0',null,null);
Insert into STORE_SHOP.SYS_TASKFLOWS (ID,TASKFLOW_NAME,PARENT,TASK_FLOW_URL,CREATED_BY,CREATED_DATE,LAST_UPDATED_DATE,LAST_UPDATED_BY,VISIBLE,TREE_LEVEL,ORDER_SEQ) values (17,'تقرير بفواتير الشراء خلال فتره معينة',16,'/taskflows/reports/ReceiptsWithSuppliersPeriodReport.xml#ReceiptsWithSuppliersPeriodReport',null,null,null,null,'0',null,null);
Insert into STORE_SHOP.SYS_TASKFLOWS (ID,TASKFLOW_NAME,PARENT,TASK_FLOW_URL,CREATED_BY,CREATED_DATE,LAST_UPDATED_DATE,LAST_UPDATED_BY,VISIBLE,TREE_LEVEL,ORDER_SEQ) values (18,'تقرير بكل المدفوعات خلال فترة',16,'/taskflows/reports/AllPaymentsPeriodReport_TF.xml#AllPaymentsPeriodReport_TF',null,null,null,null,'0',null,null);
Insert into STORE_SHOP.SYS_TASKFLOWS (ID,TASKFLOW_NAME,PARENT,TASK_FLOW_URL,CREATED_BY,CREATED_DATE,LAST_UPDATED_DATE,LAST_UPDATED_BY,VISIBLE,TREE_LEVEL,ORDER_SEQ) values (19,'تقرير بعمليات البيع',16,'/taskflows/reports/BillSaleReport_TF.xml#BillSaleReport_TF',null,null,null,null,'0',null,null);
Insert into STORE_SHOP.SYS_TASKFLOWS (ID,TASKFLOW_NAME,PARENT,TASK_FLOW_URL,CREATED_BY,CREATED_DATE,LAST_UPDATED_DATE,LAST_UPDATED_BY,VISIBLE,TREE_LEVEL,ORDER_SEQ) values (20,'فاتورة بيع',16,'/taskflows/reports/BillSalePrint_TF.xml#BillSalePrint_TF',null,null,null,null,'0',null,null);
Insert into STORE_SHOP.SYS_TASKFLOWS (ID,TASKFLOW_NAME,PARENT,TASK_FLOW_URL,CREATED_BY,CREATED_DATE,LAST_UPDATED_DATE,LAST_UPDATED_BY,VISIBLE,TREE_LEVEL,ORDER_SEQ) values (40,'الرئيسيه',null,'/taskflows/main_TF.xml#main_TF',null,null,null,null,'1',null,1);
Insert into STORE_SHOP.SYS_TASKFLOWS (ID,TASKFLOW_NAME,PARENT,TASK_FLOW_URL,CREATED_BY,CREATED_DATE,LAST_UPDATED_DATE,LAST_UPDATED_BY,VISIBLE,TREE_LEVEL,ORDER_SEQ) values (41,'المراحل التعليمية',40,'/taskflows/educational_levels_TF.xml#educational_levels_TF',null,null,null,null,'1',null,null);
Insert into STORE_SHOP.SYS_TASKFLOWS (ID,TASKFLOW_NAME,PARENT,TASK_FLOW_URL,CREATED_BY,CREATED_DATE,LAST_UPDATED_DATE,LAST_UPDATED_BY,VISIBLE,TREE_LEVEL,ORDER_SEQ) values (42,'المواد الدراسية',40,'/taskflows/subject_TF.xml#subject_TF',null,null,null,null,'1',null,null);
Insert into STORE_SHOP.SYS_TASKFLOWS (ID,TASKFLOW_NAME,PARENT,TASK_FLOW_URL,CREATED_BY,CREATED_DATE,LAST_UPDATED_DATE,LAST_UPDATED_BY,VISIBLE,TREE_LEVEL,ORDER_SEQ) values (43,'المواد الدراسية / المراحل التعليمية',40,'/taskflows/educational_subject_TF.xml#educational_subject_TF',null,null,null,null,'1',null,null);
Insert into STORE_SHOP.SYS_TASKFLOWS (ID,TASKFLOW_NAME,PARENT,TASK_FLOW_URL,CREATED_BY,CREATED_DATE,LAST_UPDATED_DATE,LAST_UPDATED_BY,VISIBLE,TREE_LEVEL,ORDER_SEQ) values (44,'المجموعات',40,'/taskflows/groups_TF.xml#groups_TF',null,null,null,null,'1',null,null);
Insert into STORE_SHOP.SYS_TASKFLOWS (ID,TASKFLOW_NAME,PARENT,TASK_FLOW_URL,CREATED_BY,CREATED_DATE,LAST_UPDATED_DATE,LAST_UPDATED_BY,VISIBLE,TREE_LEVEL,ORDER_SEQ) values (45,'مواعيد المجموعات',40,'/taskflows/group_appointment_TF.xml#group_appointment_TF',null,null,null,null,'1',null,null);
Insert into STORE_SHOP.SYS_TASKFLOWS (ID,TASKFLOW_NAME,PARENT,TASK_FLOW_URL,CREATED_BY,CREATED_DATE,LAST_UPDATED_DATE,LAST_UPDATED_BY,VISIBLE,TREE_LEVEL,ORDER_SEQ) values (46,'التﻻميذ',40,'/taskflows/student_TF.xml#student_TF',null,null,null,null,'1',null,null);
Insert into STORE_SHOP.SYS_TASKFLOWS (ID,TASKFLOW_NAME,PARENT,TASK_FLOW_URL,CREATED_BY,CREATED_DATE,LAST_UPDATED_DATE,LAST_UPDATED_BY,VISIBLE,TREE_LEVEL,ORDER_SEQ) values (47,'التﻻميذ/المجموعات',40,'/taskflows/group_student_TF.xml#group_student_TF',null,null,null,null,'1',null,null);
Insert into STORE_SHOP.SYS_TASKFLOWS (ID,TASKFLOW_NAME,PARENT,TASK_FLOW_URL,CREATED_BY,CREATED_DATE,LAST_UPDATED_DATE,LAST_UPDATED_BY,VISIBLE,TREE_LEVEL,ORDER_SEQ) values (48,'الاختبارات',null,null,null,null,null,null,'1',null,1);
Insert into STORE_SHOP.SYS_TASKFLOWS (ID,TASKFLOW_NAME,PARENT,TASK_FLOW_URL,CREATED_BY,CREATED_DATE,LAST_UPDATED_DATE,LAST_UPDATED_BY,VISIBLE,TREE_LEVEL,ORDER_SEQ) values (49,'تعريف الاختبارات',48,'/taskflows/tests_definition_TF.xml#tests_definition_TF',null,null,null,null,'1',null,1);
Insert into STORE_SHOP.SYS_TASKFLOWS (ID,TASKFLOW_NAME,PARENT,TASK_FLOW_URL,CREATED_BY,CREATED_DATE,LAST_UPDATED_DATE,LAST_UPDATED_BY,VISIBLE,TREE_LEVEL,ORDER_SEQ) values (50,'اختبارات التﻻميذ',48,'/taskflows/test_student_TF.xml#test_student_TF',null,null,null,null,'1',null,1);
Insert into STORE_SHOP.SYS_TASKFLOWS (ID,TASKFLOW_NAME,PARENT,TASK_FLOW_URL,CREATED_BY,CREATED_DATE,LAST_UPDATED_DATE,LAST_UPDATED_BY,VISIBLE,TREE_LEVEL,ORDER_SEQ) values (51,'أخري',null,null,null,null,null,null,'1',null,1);
Insert into STORE_SHOP.SYS_TASKFLOWS (ID,TASKFLOW_NAME,PARENT,TASK_FLOW_URL,CREATED_BY,CREATED_DATE,LAST_UPDATED_DATE,LAST_UPDATED_BY,VISIBLE,TREE_LEVEL,ORDER_SEQ) values (52,'المتحصﻻت الشهرية',51,'/taskflows/money_TF.xml#money_TF',null,null,null,null,'1',null,1);
REM INSERTING into STORE_SHOP.SYS_USER
SET DEFINE OFF;
Insert into STORE_SHOP.SYS_USER (ID,NAME,PASSWORD,PHONE_NUMBER,ADDRESS,ROLE,CREATED_BY,CREATED_DATE,LAST_UPDATED_DATE,LAST_UPDATED_BY) values (1,'أ/حامد','1234','01068941993',null,1,null,null,to_date('11-APR-19','DD-MON-RR'),1);
REM INSERTING into STORE_SHOP.TESTS
SET DEFINE OFF;
REM INSERTING into STORE_SHOP.TEST_STUDENT
SET DEFINE OFF;
REM INSERTING into STORE_SHOP.WEEK_DAYS
SET DEFINE OFF;
--------------------------------------------------------
--  DDL for Index GRIOP_STUDENT_PK
--------------------------------------------------------

  CREATE UNIQUE INDEX "STORE_SHOP"."GRIOP_STUDENT_PK" ON "STORE_SHOP"."GROUP_STUDENT" ("ID") 
  PCTFREE 10 INITRANS 2 MAXTRANS 255 COMPUTE STATISTICS 
  STORAGE(INITIAL 65536 NEXT 1048576 MINEXTENTS 1 MAXEXTENTS 2147483645
  PCTINCREASE 0 FREELISTS 1 FREELIST GROUPS 1 BUFFER_POOL DEFAULT FLASH_CACHE DEFAULT CELL_FLASH_CACHE DEFAULT)
  TABLESPACE "SYSTEM" ;
--------------------------------------------------------
--  DDL for Index TESTS_PK
--------------------------------------------------------

  CREATE UNIQUE INDEX "STORE_SHOP"."TESTS_PK" ON "STORE_SHOP"."TESTS" ("ID") 
  PCTFREE 10 INITRANS 2 MAXTRANS 255 COMPUTE STATISTICS 
  STORAGE(INITIAL 65536 NEXT 1048576 MINEXTENTS 1 MAXEXTENTS 2147483645
  PCTINCREASE 0 FREELISTS 1 FREELIST GROUPS 1 BUFFER_POOL DEFAULT FLASH_CACHE DEFAULT CELL_FLASH_CACHE DEFAULT)
  TABLESPACE "SYSTEM" ;
--------------------------------------------------------
--  DDL for Index PROJECT_COMPANY_DATA_PK
--------------------------------------------------------

  CREATE UNIQUE INDEX "STORE_SHOP"."PROJECT_COMPANY_DATA_PK" ON "STORE_SHOP"."PROJECT_COMPANY_DATA" ("ID") 
  PCTFREE 10 INITRANS 2 MAXTRANS 255 COMPUTE STATISTICS 
  STORAGE(INITIAL 65536 NEXT 1048576 MINEXTENTS 1 MAXEXTENTS 2147483645
  PCTINCREASE 0 FREELISTS 1 FREELIST GROUPS 1 BUFFER_POOL DEFAULT FLASH_CACHE DEFAULT CELL_FLASH_CACHE DEFAULT)
  TABLESPACE "SYSTEM" ;
--------------------------------------------------------
--  DDL for Index PRODUCT_STATUS_PK
--------------------------------------------------------

  CREATE UNIQUE INDEX "STORE_SHOP"."PRODUCT_STATUS_PK" ON "STORE_SHOP"."PRODUCT_STATUS" ("ID") 
  PCTFREE 10 INITRANS 2 MAXTRANS 255 COMPUTE STATISTICS 
  STORAGE(INITIAL 65536 NEXT 1048576 MINEXTENTS 1 MAXEXTENTS 2147483645
  PCTINCREASE 0 FREELISTS 1 FREELIST GROUPS 1 BUFFER_POOL DEFAULT FLASH_CACHE DEFAULT CELL_FLASH_CACHE DEFAULT)
  TABLESPACE "SYSTEM" ;
--------------------------------------------------------
--  DDL for Index BILL_SALE_DETAILS_UK1
--------------------------------------------------------

  CREATE UNIQUE INDEX "STORE_SHOP"."BILL_SALE_DETAILS_UK1" ON "STORE_SHOP"."BILL_SALE_DETAILS" ("BILL_SALE_ID", "PRODUCT") 
  PCTFREE 10 INITRANS 2 MAXTRANS 255 COMPUTE STATISTICS 
  STORAGE(INITIAL 65536 NEXT 1048576 MINEXTENTS 1 MAXEXTENTS 2147483645
  PCTINCREASE 0 FREELISTS 1 FREELIST GROUPS 1 BUFFER_POOL DEFAULT FLASH_CACHE DEFAULT CELL_FLASH_CACHE DEFAULT)
  TABLESPACE "SYSTEM" ;
--------------------------------------------------------
--  DDL for Index STUDENT_PK
--------------------------------------------------------

  CREATE UNIQUE INDEX "STORE_SHOP"."STUDENT_PK" ON "STORE_SHOP"."STUDENT" ("ID") 
  PCTFREE 10 INITRANS 2 MAXTRANS 255 COMPUTE STATISTICS 
  STORAGE(INITIAL 65536 NEXT 1048576 MINEXTENTS 1 MAXEXTENTS 2147483645
  PCTINCREASE 0 FREELISTS 1 FREELIST GROUPS 1 BUFFER_POOL DEFAULT FLASH_CACHE DEFAULT CELL_FLASH_CACHE DEFAULT)
  TABLESPACE "SYSTEM" ;
--------------------------------------------------------
--  DDL for Index EDUCATIONAL_SUBJECT_PK
--------------------------------------------------------

  CREATE UNIQUE INDEX "STORE_SHOP"."EDUCATIONAL_SUBJECT_PK" ON "STORE_SHOP"."EDUCATIONAL_SUBJECT" ("ID") 
  PCTFREE 10 INITRANS 2 MAXTRANS 255 COMPUTE STATISTICS 
  STORAGE(INITIAL 65536 NEXT 1048576 MINEXTENTS 1 MAXEXTENTS 2147483645
  PCTINCREASE 0 FREELISTS 1 FREELIST GROUPS 1 BUFFER_POOL DEFAULT FLASH_CACHE DEFAULT CELL_FLASH_CACHE DEFAULT)
  TABLESPACE "SYSTEM" ;
--------------------------------------------------------
--  DDL for Index PRODUCTS_TYPE_PK
--------------------------------------------------------

  CREATE UNIQUE INDEX "STORE_SHOP"."PRODUCTS_TYPE_PK" ON "STORE_SHOP"."PRODUCTS_TYPE" ("ID") 
  PCTFREE 10 INITRANS 2 MAXTRANS 255 COMPUTE STATISTICS 
  STORAGE(INITIAL 65536 NEXT 1048576 MINEXTENTS 1 MAXEXTENTS 2147483645
  PCTINCREASE 0 FREELISTS 1 FREELIST GROUPS 1 BUFFER_POOL DEFAULT FLASH_CACHE DEFAULT CELL_FLASH_CACHE DEFAULT)
  TABLESPACE "SYSTEM" ;
--------------------------------------------------------
--  DDL for Index SUBJECT_MONEY_PK
--------------------------------------------------------

  CREATE UNIQUE INDEX "STORE_SHOP"."SUBJECT_MONEY_PK" ON "STORE_SHOP"."MONEY" ("ID") 
  PCTFREE 10 INITRANS 2 MAXTRANS 255 COMPUTE STATISTICS 
  STORAGE(INITIAL 65536 NEXT 1048576 MINEXTENTS 1 MAXEXTENTS 2147483645
  PCTINCREASE 0 FREELISTS 1 FREELIST GROUPS 1 BUFFER_POOL DEFAULT FLASH_CACHE DEFAULT CELL_FLASH_CACHE DEFAULT)
  TABLESPACE "SYSTEM" ;
--------------------------------------------------------
--  DDL for Index GROUP_APPOINTMENTS_UK1
--------------------------------------------------------

  CREATE UNIQUE INDEX "STORE_SHOP"."GROUP_APPOINTMENTS_UK1" ON "STORE_SHOP"."GROUP_APPOINTMENTS" ("GROUP_ID", "DAY", "TIME_FROM", "TIME_TO") 
  PCTFREE 10 INITRANS 2 MAXTRANS 255 COMPUTE STATISTICS 
  STORAGE(INITIAL 65536 NEXT 1048576 MINEXTENTS 1 MAXEXTENTS 2147483645
  PCTINCREASE 0 FREELISTS 1 FREELIST GROUPS 1 BUFFER_POOL DEFAULT FLASH_CACHE DEFAULT CELL_FLASH_CACHE DEFAULT)
  TABLESPACE "SYSTEM" ;
--------------------------------------------------------
--  DDL for Index PS_TXN_IDX
--------------------------------------------------------

  CREATE INDEX "STORE_SHOP"."PS_TXN_IDX" ON "STORE_SHOP"."PS_TXN" ("COLLID", "ID") REVERSE 
  PCTFREE 10 INITRANS 2 MAXTRANS 255 COMPUTE STATISTICS 
  STORAGE(INITIAL 65536 NEXT 1048576 MINEXTENTS 1 MAXEXTENTS 2147483645
  PCTINCREASE 0 FREELISTS 1 FREELIST GROUPS 1 BUFFER_POOL DEFAULT FLASH_CACHE DEFAULT CELL_FLASH_CACHE DEFAULT)
  TABLESPACE "SYSTEM" ;
--------------------------------------------------------
--  DDL for Index PRODUCTS_PK
--------------------------------------------------------

  CREATE UNIQUE INDEX "STORE_SHOP"."PRODUCTS_PK" ON "STORE_SHOP"."PRODUCTS" ("ID") 
  PCTFREE 10 INITRANS 2 MAXTRANS 255 COMPUTE STATISTICS 
  STORAGE(INITIAL 65536 NEXT 1048576 MINEXTENTS 1 MAXEXTENTS 2147483645
  PCTINCREASE 0 FREELISTS 1 FREELIST GROUPS 1 BUFFER_POOL DEFAULT FLASH_CACHE DEFAULT CELL_FLASH_CACHE DEFAULT)
  TABLESPACE "SYSTEM" ;
--------------------------------------------------------
--  DDL for Index OTHER_PAYMENTS_PK
--------------------------------------------------------

  CREATE UNIQUE INDEX "STORE_SHOP"."OTHER_PAYMENTS_PK" ON "STORE_SHOP"."OTHER_PAYMENTS" ("ID") 
  PCTFREE 10 INITRANS 2 MAXTRANS 255 COMPUTE STATISTICS 
  STORAGE(INITIAL 65536 NEXT 1048576 MINEXTENTS 1 MAXEXTENTS 2147483645
  PCTINCREASE 0 FREELISTS 1 FREELIST GROUPS 1 BUFFER_POOL DEFAULT FLASH_CACHE DEFAULT CELL_FLASH_CACHE DEFAULT)
  TABLESPACE "SYSTEM" ;
--------------------------------------------------------
--  DDL for Index PRODUCTS_TYPE_UK1
--------------------------------------------------------

  CREATE UNIQUE INDEX "STORE_SHOP"."PRODUCTS_TYPE_UK1" ON "STORE_SHOP"."PRODUCTS_TYPE" ("NAME") 
  PCTFREE 10 INITRANS 2 MAXTRANS 255 COMPUTE STATISTICS 
  STORAGE(INITIAL 65536 NEXT 1048576 MINEXTENTS 1 MAXEXTENTS 2147483645
  PCTINCREASE 0 FREELISTS 1 FREELIST GROUPS 1 BUFFER_POOL DEFAULT FLASH_CACHE DEFAULT CELL_FLASH_CACHE DEFAULT)
  TABLESPACE "SYSTEM" ;
--------------------------------------------------------
--  DDL for Index EDUCATIONAL_LEVEL_PK
--------------------------------------------------------

  CREATE UNIQUE INDEX "STORE_SHOP"."EDUCATIONAL_LEVEL_PK" ON "STORE_SHOP"."EDUCATIONAL_LEVEL" ("ID") 
  PCTFREE 10 INITRANS 2 MAXTRANS 255 COMPUTE STATISTICS 
  STORAGE(INITIAL 65536 NEXT 1048576 MINEXTENTS 1 MAXEXTENTS 2147483645
  PCTINCREASE 0 FREELISTS 1 FREELIST GROUPS 1 BUFFER_POOL DEFAULT FLASH_CACHE DEFAULT CELL_FLASH_CACHE DEFAULT)
  TABLESPACE "SYSTEM" ;
--------------------------------------------------------
--  DDL for Index GROUPS_PK
--------------------------------------------------------

  CREATE UNIQUE INDEX "STORE_SHOP"."GROUPS_PK" ON "STORE_SHOP"."GROUPS" ("ID") 
  PCTFREE 10 INITRANS 2 MAXTRANS 255 COMPUTE STATISTICS 
  STORAGE(INITIAL 65536 NEXT 1048576 MINEXTENTS 1 MAXEXTENTS 2147483645
  PCTINCREASE 0 FREELISTS 1 FREELIST GROUPS 1 BUFFER_POOL DEFAULT FLASH_CACHE DEFAULT CELL_FLASH_CACHE DEFAULT)
  TABLESPACE "SYSTEM" ;
--------------------------------------------------------
--  DDL for Index CUSTOMERS_PK
--------------------------------------------------------

  CREATE UNIQUE INDEX "STORE_SHOP"."CUSTOMERS_PK" ON "STORE_SHOP"."CUSTOMERS" ("ID") 
  PCTFREE 10 INITRANS 2 MAXTRANS 255 COMPUTE STATISTICS 
  STORAGE(INITIAL 65536 NEXT 1048576 MINEXTENTS 1 MAXEXTENTS 2147483645
  PCTINCREASE 0 FREELISTS 1 FREELIST GROUPS 1 MAXSIZE UNLIMITED BUFFER_POOL DEFAULT FLASH_CACHE DEFAULT CELL_FLASH_CACHE DEFAULT)
  TABLESPACE "SYSTEM" ;
--------------------------------------------------------
--  DDL for Index SYS_ROLE_TASKFLOW_PK
--------------------------------------------------------

  CREATE UNIQUE INDEX "STORE_SHOP"."SYS_ROLE_TASKFLOW_PK" ON "STORE_SHOP"."SYS_ROLE_TASKFLOW" ("ID") 
  PCTFREE 10 INITRANS 2 MAXTRANS 255 COMPUTE STATISTICS 
  STORAGE(INITIAL 65536 NEXT 1048576 MINEXTENTS 1 MAXEXTENTS 2147483645
  PCTINCREASE 0 FREELISTS 1 FREELIST GROUPS 1 BUFFER_POOL DEFAULT FLASH_CACHE DEFAULT CELL_FLASH_CACHE DEFAULT)
  TABLESPACE "SYSTEM" ;
--------------------------------------------------------
--  DDL for Index PURCHASE_BILL_DETAILS_PK
--------------------------------------------------------

  CREATE UNIQUE INDEX "STORE_SHOP"."PURCHASE_BILL_DETAILS_PK" ON "STORE_SHOP"."PURCHASE_BILL_DETAILS" ("ID") 
  PCTFREE 10 INITRANS 2 MAXTRANS 255 COMPUTE STATISTICS 
  STORAGE(INITIAL 65536 NEXT 1048576 MINEXTENTS 1 MAXEXTENTS 2147483645
  PCTINCREASE 0 FREELISTS 1 FREELIST GROUPS 1 BUFFER_POOL DEFAULT FLASH_CACHE DEFAULT CELL_FLASH_CACHE DEFAULT)
  TABLESPACE "SYSTEM" ;
--------------------------------------------------------
--  DDL for Index GRIOP_STUDENT_UK1
--------------------------------------------------------

  CREATE UNIQUE INDEX "STORE_SHOP"."GRIOP_STUDENT_UK1" ON "STORE_SHOP"."GROUP_STUDENT" ("GROUP_ID", "STUDENT_ID") 
  PCTFREE 10 INITRANS 2 MAXTRANS 255 COMPUTE STATISTICS 
  STORAGE(INITIAL 65536 NEXT 1048576 MINEXTENTS 1 MAXEXTENTS 2147483645
  PCTINCREASE 0 FREELISTS 1 FREELIST GROUPS 1 BUFFER_POOL DEFAULT FLASH_CACHE DEFAULT CELL_FLASH_CACHE DEFAULT)
  TABLESPACE "SYSTEM" ;
--------------------------------------------------------
--  DDL for Index SYS_TASKFLOWS_PK
--------------------------------------------------------

  CREATE UNIQUE INDEX "STORE_SHOP"."SYS_TASKFLOWS_PK" ON "STORE_SHOP"."SYS_TASKFLOWS" ("ID") 
  PCTFREE 10 INITRANS 2 MAXTRANS 255 COMPUTE STATISTICS 
  STORAGE(INITIAL 65536 NEXT 1048576 MINEXTENTS 1 MAXEXTENTS 2147483645
  PCTINCREASE 0 FREELISTS 1 FREELIST GROUPS 1 BUFFER_POOL DEFAULT FLASH_CACHE DEFAULT CELL_FLASH_CACHE DEFAULT)
  TABLESPACE "SYSTEM" ;
--------------------------------------------------------
--  DDL for Index WEEK_DAYS_PK
--------------------------------------------------------

  CREATE UNIQUE INDEX "STORE_SHOP"."WEEK_DAYS_PK" ON "STORE_SHOP"."WEEK_DAYS" ("ID") 
  PCTFREE 10 INITRANS 2 MAXTRANS 255 COMPUTE STATISTICS 
  STORAGE(INITIAL 65536 NEXT 1048576 MINEXTENTS 1 MAXEXTENTS 2147483645
  PCTINCREASE 0 FREELISTS 1 FREELIST GROUPS 1 BUFFER_POOL DEFAULT FLASH_CACHE DEFAULT CELL_FLASH_CACHE DEFAULT)
  TABLESPACE "SYSTEM" ;
--------------------------------------------------------
--  DDL for Index SUBJECT_PK
--------------------------------------------------------

  CREATE UNIQUE INDEX "STORE_SHOP"."SUBJECT_PK" ON "STORE_SHOP"."SUBJECT" ("ID") 
  PCTFREE 10 INITRANS 2 MAXTRANS 255 COMPUTE STATISTICS 
  STORAGE(INITIAL 65536 NEXT 1048576 MINEXTENTS 1 MAXEXTENTS 2147483645
  PCTINCREASE 0 FREELISTS 1 FREELIST GROUPS 1 BUFFER_POOL DEFAULT FLASH_CACHE DEFAULT CELL_FLASH_CACHE DEFAULT)
  TABLESPACE "SYSTEM" ;
--------------------------------------------------------
--  DDL for Index PURCHASE_BILL_PK
--------------------------------------------------------

  CREATE UNIQUE INDEX "STORE_SHOP"."PURCHASE_BILL_PK" ON "STORE_SHOP"."PURCHASE_BILL" ("ID") 
  PCTFREE 10 INITRANS 2 MAXTRANS 255 COMPUTE STATISTICS 
  STORAGE(INITIAL 65536 NEXT 1048576 MINEXTENTS 1 MAXEXTENTS 2147483645
  PCTINCREASE 0 FREELISTS 1 FREELIST GROUPS 1 BUFFER_POOL DEFAULT FLASH_CACHE DEFAULT CELL_FLASH_CACHE DEFAULT)
  TABLESPACE "SYSTEM" ;
--------------------------------------------------------
--  DDL for Index PAYMENTS_TYPES_PK
--------------------------------------------------------

  CREATE UNIQUE INDEX "STORE_SHOP"."PAYMENTS_TYPES_PK" ON "STORE_SHOP"."PAYMENTS_TYPES" ("ID") 
  PCTFREE 10 INITRANS 2 MAXTRANS 255 COMPUTE STATISTICS 
  STORAGE(INITIAL 65536 NEXT 1048576 MINEXTENTS 1 MAXEXTENTS 2147483645
  PCTINCREASE 0 FREELISTS 1 FREELIST GROUPS 1 BUFFER_POOL DEFAULT FLASH_CACHE DEFAULT CELL_FLASH_CACHE DEFAULT)
  TABLESPACE "SYSTEM" ;
--------------------------------------------------------
--  DDL for Index SYS_USER_PK
--------------------------------------------------------

  CREATE UNIQUE INDEX "STORE_SHOP"."SYS_USER_PK" ON "STORE_SHOP"."SYS_USER" ("ID") 
  PCTFREE 10 INITRANS 2 MAXTRANS 255 COMPUTE STATISTICS 
  STORAGE(INITIAL 65536 NEXT 1048576 MINEXTENTS 1 MAXEXTENTS 2147483645
  PCTINCREASE 0 FREELISTS 1 FREELIST GROUPS 1 BUFFER_POOL DEFAULT FLASH_CACHE DEFAULT CELL_FLASH_CACHE DEFAULT)
  TABLESPACE "SYSTEM" ;
--------------------------------------------------------
--  DDL for Index GROUP_APPOINTMENTS_PK
--------------------------------------------------------

  CREATE UNIQUE INDEX "STORE_SHOP"."GROUP_APPOINTMENTS_PK" ON "STORE_SHOP"."GROUP_APPOINTMENTS" ("ID") 
  PCTFREE 10 INITRANS 2 MAXTRANS 255 COMPUTE STATISTICS 
  STORAGE(INITIAL 65536 NEXT 1048576 MINEXTENTS 1 MAXEXTENTS 2147483645
  PCTINCREASE 0 FREELISTS 1 FREELIST GROUPS 1 BUFFER_POOL DEFAULT FLASH_CACHE DEFAULT CELL_FLASH_CACHE DEFAULT)
  TABLESPACE "SYSTEM" ;
--------------------------------------------------------
--  DDL for Index BILL_SALE_PK
--------------------------------------------------------

  CREATE UNIQUE INDEX "STORE_SHOP"."BILL_SALE_PK" ON "STORE_SHOP"."BILL_SALE" ("ID") 
  PCTFREE 10 INITRANS 2 MAXTRANS 255 COMPUTE STATISTICS 
  STORAGE(INITIAL 65536 NEXT 1048576 MINEXTENTS 1 MAXEXTENTS 2147483645
  PCTINCREASE 0 FREELISTS 1 FREELIST GROUPS 1 BUFFER_POOL DEFAULT FLASH_CACHE DEFAULT CELL_FLASH_CACHE DEFAULT)
  TABLESPACE "SYSTEM" ;
--------------------------------------------------------
--  DDL for Index BILL_SALE_DETAILS_PK
--------------------------------------------------------

  CREATE UNIQUE INDEX "STORE_SHOP"."BILL_SALE_DETAILS_PK" ON "STORE_SHOP"."BILL_SALE_DETAILS" ("ID") 
  PCTFREE 10 INITRANS 2 MAXTRANS 255 COMPUTE STATISTICS 
  STORAGE(INITIAL 65536 NEXT 1048576 MINEXTENTS 1 MAXEXTENTS 2147483645
  PCTINCREASE 0 FREELISTS 1 FREELIST GROUPS 1 BUFFER_POOL DEFAULT FLASH_CACHE DEFAULT CELL_FLASH_CACHE DEFAULT)
  TABLESPACE "SYSTEM" ;
--------------------------------------------------------
--  DDL for Index EMPLOYEES_PK
--------------------------------------------------------

  CREATE UNIQUE INDEX "STORE_SHOP"."EMPLOYEES_PK" ON "STORE_SHOP"."EMPLOYEES" ("ID") 
  PCTFREE 10 INITRANS 2 MAXTRANS 255 COMPUTE STATISTICS 
  STORAGE(INITIAL 65536 NEXT 1048576 MINEXTENTS 1 MAXEXTENTS 2147483645
  PCTINCREASE 0 FREELISTS 1 FREELIST GROUPS 1 MAXSIZE UNLIMITED BUFFER_POOL DEFAULT FLASH_CACHE DEFAULT CELL_FLASH_CACHE DEFAULT)
  TABLESPACE "SYSTEM" ;
--------------------------------------------------------
--  DDL for Index SUPPLIERS_PK
--------------------------------------------------------

  CREATE UNIQUE INDEX "STORE_SHOP"."SUPPLIERS_PK" ON "STORE_SHOP"."SUPPLIERS" ("ID") 
  PCTFREE 10 INITRANS 2 MAXTRANS 255 COMPUTE STATISTICS 
  STORAGE(INITIAL 65536 NEXT 1048576 MINEXTENTS 1 MAXEXTENTS 2147483645
  PCTINCREASE 0 FREELISTS 1 FREELIST GROUPS 1 MAXSIZE UNLIMITED BUFFER_POOL DEFAULT FLASH_CACHE DEFAULT CELL_FLASH_CACHE DEFAULT)
  TABLESPACE "SYSTEM" ;
--------------------------------------------------------
--  DDL for Index TEST_STUDENT_PK
--------------------------------------------------------

  CREATE UNIQUE INDEX "STORE_SHOP"."TEST_STUDENT_PK" ON "STORE_SHOP"."TEST_STUDENT" ("ID") 
  PCTFREE 10 INITRANS 2 MAXTRANS 255 COMPUTE STATISTICS 
  STORAGE(INITIAL 65536 NEXT 1048576 MINEXTENTS 1 MAXEXTENTS 2147483645
  PCTINCREASE 0 FREELISTS 1 FREELIST GROUPS 1 BUFFER_POOL DEFAULT FLASH_CACHE DEFAULT CELL_FLASH_CACHE DEFAULT)
  TABLESPACE "SYSTEM" ;
--------------------------------------------------------
--  DDL for Index SYS_ROLE_TASKFLOW_UK1
--------------------------------------------------------

  CREATE UNIQUE INDEX "STORE_SHOP"."SYS_ROLE_TASKFLOW_UK1" ON "STORE_SHOP"."SYS_ROLE_TASKFLOW" ("ROLE_ID", "TASKFLOW_ID") 
  PCTFREE 10 INITRANS 2 MAXTRANS 255 COMPUTE STATISTICS 
  STORAGE(INITIAL 65536 NEXT 1048576 MINEXTENTS 1 MAXEXTENTS 2147483645
  PCTINCREASE 0 FREELISTS 1 FREELIST GROUPS 1 BUFFER_POOL DEFAULT FLASH_CACHE DEFAULT CELL_FLASH_CACHE DEFAULT)
  TABLESPACE "SYSTEM" ;
--------------------------------------------------------
--  DDL for Index SYSTEM_ROLE_PK
--------------------------------------------------------

  CREATE UNIQUE INDEX "STORE_SHOP"."SYSTEM_ROLE_PK" ON "STORE_SHOP"."SYSTEM_ROLE" ("ID") 
  PCTFREE 10 INITRANS 2 MAXTRANS 255 COMPUTE STATISTICS 
  STORAGE(INITIAL 65536 NEXT 1048576 MINEXTENTS 1 MAXEXTENTS 2147483645
  PCTINCREASE 0 FREELISTS 1 FREELIST GROUPS 1 MAXSIZE UNLIMITED BUFFER_POOL DEFAULT FLASH_CACHE DEFAULT CELL_FLASH_CACHE DEFAULT)
  TABLESPACE "SYSTEM" ;
--------------------------------------------------------
--  DDL for Index PRODUCTS_CATEGORY_UK1
--------------------------------------------------------

  CREATE UNIQUE INDEX "STORE_SHOP"."PRODUCTS_CATEGORY_UK1" ON "STORE_SHOP"."PRODUCTS_CATEGORY" ("NAME") 
  PCTFREE 10 INITRANS 2 MAXTRANS 255 COMPUTE STATISTICS 
  STORAGE(INITIAL 65536 NEXT 1048576 MINEXTENTS 1 MAXEXTENTS 2147483645
  PCTINCREASE 0 FREELISTS 1 FREELIST GROUPS 1 BUFFER_POOL DEFAULT FLASH_CACHE DEFAULT CELL_FLASH_CACHE DEFAULT)
  TABLESPACE "SYSTEM" ;
--------------------------------------------------------
--  DDL for Index PRODUCTS_CATEGORY_PK
--------------------------------------------------------

  CREATE UNIQUE INDEX "STORE_SHOP"."PRODUCTS_CATEGORY_PK" ON "STORE_SHOP"."PRODUCTS_CATEGORY" ("ID") 
  PCTFREE 10 INITRANS 2 MAXTRANS 255 COMPUTE STATISTICS 
  STORAGE(INITIAL 65536 NEXT 1048576 MINEXTENTS 1 MAXEXTENTS 2147483645
  PCTINCREASE 0 FREELISTS 1 FREELIST GROUPS 1 BUFFER_POOL DEFAULT FLASH_CACHE DEFAULT CELL_FLASH_CACHE DEFAULT)
  TABLESPACE "SYSTEM" ;
--------------------------------------------------------
--  Constraints for Table SYS_USER
--------------------------------------------------------

  ALTER TABLE "STORE_SHOP"."SYS_USER" ADD CONSTRAINT "SYS_USER_PK" PRIMARY KEY ("ID")
  USING INDEX PCTFREE 10 INITRANS 2 MAXTRANS 255 COMPUTE STATISTICS 
  STORAGE(INITIAL 65536 NEXT 1048576 MINEXTENTS 1 MAXEXTENTS 2147483645
  PCTINCREASE 0 FREELISTS 1 FREELIST GROUPS 1 BUFFER_POOL DEFAULT FLASH_CACHE DEFAULT CELL_FLASH_CACHE DEFAULT)
  TABLESPACE "SYSTEM"  ENABLE;
  ALTER TABLE "STORE_SHOP"."SYS_USER" MODIFY ("ROLE" NOT NULL ENABLE);
  ALTER TABLE "STORE_SHOP"."SYS_USER" MODIFY ("PASSWORD" NOT NULL ENABLE);
  ALTER TABLE "STORE_SHOP"."SYS_USER" MODIFY ("NAME" NOT NULL ENABLE);
  ALTER TABLE "STORE_SHOP"."SYS_USER" MODIFY ("ID" NOT NULL ENABLE);
--------------------------------------------------------
--  Constraints for Table PRODUCT_STATUS
--------------------------------------------------------

  ALTER TABLE "STORE_SHOP"."PRODUCT_STATUS" MODIFY ("ID" NOT NULL ENABLE);
  ALTER TABLE "STORE_SHOP"."PRODUCT_STATUS" ADD CONSTRAINT "PRODUCT_STATUS_PK" PRIMARY KEY ("ID")
  USING INDEX PCTFREE 10 INITRANS 2 MAXTRANS 255 COMPUTE STATISTICS 
  STORAGE(INITIAL 65536 NEXT 1048576 MINEXTENTS 1 MAXEXTENTS 2147483645
  PCTINCREASE 0 FREELISTS 1 FREELIST GROUPS 1 BUFFER_POOL DEFAULT FLASH_CACHE DEFAULT CELL_FLASH_CACHE DEFAULT)
  TABLESPACE "SYSTEM"  ENABLE;
--------------------------------------------------------
--  Constraints for Table GROUP_STUDENT
--------------------------------------------------------

  ALTER TABLE "STORE_SHOP"."GROUP_STUDENT" MODIFY ("ID" NOT NULL ENABLE);
  ALTER TABLE "STORE_SHOP"."GROUP_STUDENT" MODIFY ("GROUP_ID" NOT NULL ENABLE);
  ALTER TABLE "STORE_SHOP"."GROUP_STUDENT" MODIFY ("STUDENT_ID" NOT NULL ENABLE);
  ALTER TABLE "STORE_SHOP"."GROUP_STUDENT" ADD CONSTRAINT "GRIOP_STUDENT_PK" PRIMARY KEY ("ID")
  USING INDEX PCTFREE 10 INITRANS 2 MAXTRANS 255 COMPUTE STATISTICS 
  STORAGE(INITIAL 65536 NEXT 1048576 MINEXTENTS 1 MAXEXTENTS 2147483645
  PCTINCREASE 0 FREELISTS 1 FREELIST GROUPS 1 BUFFER_POOL DEFAULT FLASH_CACHE DEFAULT CELL_FLASH_CACHE DEFAULT)
  TABLESPACE "SYSTEM"  ENABLE;
  ALTER TABLE "STORE_SHOP"."GROUP_STUDENT" ADD CONSTRAINT "GRIOP_STUDENT_UK1" UNIQUE ("GROUP_ID", "STUDENT_ID")
  USING INDEX PCTFREE 10 INITRANS 2 MAXTRANS 255 COMPUTE STATISTICS 
  STORAGE(INITIAL 65536 NEXT 1048576 MINEXTENTS 1 MAXEXTENTS 2147483645
  PCTINCREASE 0 FREELISTS 1 FREELIST GROUPS 1 BUFFER_POOL DEFAULT FLASH_CACHE DEFAULT CELL_FLASH_CACHE DEFAULT)
  TABLESPACE "SYSTEM"  ENABLE;
--------------------------------------------------------
--  Constraints for Table PRODUCTS_TYPE
--------------------------------------------------------

  ALTER TABLE "STORE_SHOP"."PRODUCTS_TYPE" MODIFY ("ID" NOT NULL ENABLE);
  ALTER TABLE "STORE_SHOP"."PRODUCTS_TYPE" MODIFY ("NAME" NOT NULL ENABLE);
  ALTER TABLE "STORE_SHOP"."PRODUCTS_TYPE" ADD CONSTRAINT "PRODUCTS_TYPE_PK" PRIMARY KEY ("ID")
  USING INDEX PCTFREE 10 INITRANS 2 MAXTRANS 255 COMPUTE STATISTICS 
  STORAGE(INITIAL 65536 NEXT 1048576 MINEXTENTS 1 MAXEXTENTS 2147483645
  PCTINCREASE 0 FREELISTS 1 FREELIST GROUPS 1 BUFFER_POOL DEFAULT FLASH_CACHE DEFAULT CELL_FLASH_CACHE DEFAULT)
  TABLESPACE "SYSTEM"  ENABLE;
  ALTER TABLE "STORE_SHOP"."PRODUCTS_TYPE" MODIFY ("PURCHASE_PRICE" NOT NULL ENABLE);
  ALTER TABLE "STORE_SHOP"."PRODUCTS_TYPE" ADD CONSTRAINT "PRODUCTS_TYPE_UK1" UNIQUE ("NAME")
  USING INDEX PCTFREE 10 INITRANS 2 MAXTRANS 255 COMPUTE STATISTICS 
  STORAGE(INITIAL 65536 NEXT 1048576 MINEXTENTS 1 MAXEXTENTS 2147483645
  PCTINCREASE 0 FREELISTS 1 FREELIST GROUPS 1 BUFFER_POOL DEFAULT FLASH_CACHE DEFAULT CELL_FLASH_CACHE DEFAULT)
  TABLESPACE "SYSTEM"  ENABLE;
  ALTER TABLE "STORE_SHOP"."PRODUCTS_TYPE" MODIFY ("SALE_PRICE" NOT NULL ENABLE);
--------------------------------------------------------
--  Constraints for Table PURCHASE_BILL_DETAILS
--------------------------------------------------------

  ALTER TABLE "STORE_SHOP"."PURCHASE_BILL_DETAILS" MODIFY ("ID" NOT NULL ENABLE);
  ALTER TABLE "STORE_SHOP"."PURCHASE_BILL_DETAILS" MODIFY ("PURCHASE_BILL" NOT NULL ENABLE);
  ALTER TABLE "STORE_SHOP"."PURCHASE_BILL_DETAILS" MODIFY ("PRODUCT" NOT NULL ENABLE);
  ALTER TABLE "STORE_SHOP"."PURCHASE_BILL_DETAILS" ADD CONSTRAINT "PURCHASE_BILL_DETAILS_PK" PRIMARY KEY ("ID")
  USING INDEX PCTFREE 10 INITRANS 2 MAXTRANS 255 COMPUTE STATISTICS 
  STORAGE(INITIAL 65536 NEXT 1048576 MINEXTENTS 1 MAXEXTENTS 2147483645
  PCTINCREASE 0 FREELISTS 1 FREELIST GROUPS 1 BUFFER_POOL DEFAULT FLASH_CACHE DEFAULT CELL_FLASH_CACHE DEFAULT)
  TABLESPACE "SYSTEM"  ENABLE;
  ALTER TABLE "STORE_SHOP"."PURCHASE_BILL_DETAILS" MODIFY ("AMOUNT" NOT NULL ENABLE);
  ALTER TABLE "STORE_SHOP"."PURCHASE_BILL_DETAILS" MODIFY ("PRODUCT_CATEGORY" NOT NULL ENABLE);
--------------------------------------------------------
--  Constraints for Table SYSTEM_ROLE
--------------------------------------------------------

  ALTER TABLE "STORE_SHOP"."SYSTEM_ROLE" ADD CONSTRAINT "SYSTEM_ROLE_PK" PRIMARY KEY ("ID")
  USING INDEX PCTFREE 10 INITRANS 2 MAXTRANS 255 COMPUTE STATISTICS 
  STORAGE(INITIAL 65536 NEXT 1048576 MINEXTENTS 1 MAXEXTENTS 2147483645
  PCTINCREASE 0 FREELISTS 1 FREELIST GROUPS 1 MAXSIZE UNLIMITED BUFFER_POOL DEFAULT FLASH_CACHE DEFAULT CELL_FLASH_CACHE DEFAULT)
  TABLESPACE "SYSTEM"  ENABLE;
  ALTER TABLE "STORE_SHOP"."SYSTEM_ROLE" MODIFY ("NAME" NOT NULL ENABLE);
--------------------------------------------------------
--  Constraints for Table GROUPS
--------------------------------------------------------

  ALTER TABLE "STORE_SHOP"."GROUPS" MODIFY ("ID" NOT NULL ENABLE);
  ALTER TABLE "STORE_SHOP"."GROUPS" MODIFY ("EDUCATIONAL_LEVEL" NOT NULL ENABLE);
  ALTER TABLE "STORE_SHOP"."GROUPS" ADD CONSTRAINT "GROUPS_PK" PRIMARY KEY ("ID")
  USING INDEX PCTFREE 10 INITRANS 2 MAXTRANS 255 COMPUTE STATISTICS 
  STORAGE(INITIAL 65536 NEXT 1048576 MINEXTENTS 1 MAXEXTENTS 2147483645
  PCTINCREASE 0 FREELISTS 1 FREELIST GROUPS 1 BUFFER_POOL DEFAULT FLASH_CACHE DEFAULT CELL_FLASH_CACHE DEFAULT)
  TABLESPACE "SYSTEM"  ENABLE;
--------------------------------------------------------
--  Constraints for Table PRODUCTS
--------------------------------------------------------

  ALTER TABLE "STORE_SHOP"."PRODUCTS" MODIFY ("ID" NOT NULL ENABLE);
  ALTER TABLE "STORE_SHOP"."PRODUCTS" MODIFY ("CATEGORY" NOT NULL ENABLE);
  ALTER TABLE "STORE_SHOP"."PRODUCTS" MODIFY ("TYPE" NOT NULL ENABLE);
  ALTER TABLE "STORE_SHOP"."PRODUCTS" ADD CONSTRAINT "PRODUCTS_PK" PRIMARY KEY ("ID")
  USING INDEX PCTFREE 10 INITRANS 2 MAXTRANS 255 COMPUTE STATISTICS 
  STORAGE(INITIAL 65536 NEXT 1048576 MINEXTENTS 1 MAXEXTENTS 2147483645
  PCTINCREASE 0 FREELISTS 1 FREELIST GROUPS 1 BUFFER_POOL DEFAULT FLASH_CACHE DEFAULT CELL_FLASH_CACHE DEFAULT)
  TABLESPACE "SYSTEM"  ENABLE;
--------------------------------------------------------
--  Constraints for Table SUBJECT
--------------------------------------------------------

  ALTER TABLE "STORE_SHOP"."SUBJECT" MODIFY ("ID" NOT NULL ENABLE);
  ALTER TABLE "STORE_SHOP"."SUBJECT" MODIFY ("NAME" NOT NULL ENABLE);
  ALTER TABLE "STORE_SHOP"."SUBJECT" ADD CONSTRAINT "SUBJECT_PK" PRIMARY KEY ("ID")
  USING INDEX PCTFREE 10 INITRANS 2 MAXTRANS 255 COMPUTE STATISTICS 
  STORAGE(INITIAL 65536 NEXT 1048576 MINEXTENTS 1 MAXEXTENTS 2147483645
  PCTINCREASE 0 FREELISTS 1 FREELIST GROUPS 1 BUFFER_POOL DEFAULT FLASH_CACHE DEFAULT CELL_FLASH_CACHE DEFAULT)
  TABLESPACE "SYSTEM"  ENABLE;
--------------------------------------------------------
--  Constraints for Table BILL_SALE_DETAILS
--------------------------------------------------------

  ALTER TABLE "STORE_SHOP"."BILL_SALE_DETAILS" ADD CONSTRAINT "BILL_SALE_DETAILS_PK" PRIMARY KEY ("ID")
  USING INDEX PCTFREE 10 INITRANS 2 MAXTRANS 255 COMPUTE STATISTICS 
  STORAGE(INITIAL 65536 NEXT 1048576 MINEXTENTS 1 MAXEXTENTS 2147483645
  PCTINCREASE 0 FREELISTS 1 FREELIST GROUPS 1 BUFFER_POOL DEFAULT FLASH_CACHE DEFAULT CELL_FLASH_CACHE DEFAULT)
  TABLESPACE "SYSTEM"  ENABLE;
  ALTER TABLE "STORE_SHOP"."BILL_SALE_DETAILS" MODIFY ("BILL_SALE_ID" NOT NULL ENABLE);
  ALTER TABLE "STORE_SHOP"."BILL_SALE_DETAILS" MODIFY ("PRICE" NOT NULL ENABLE);
  ALTER TABLE "STORE_SHOP"."BILL_SALE_DETAILS" MODIFY ("ID" NOT NULL ENABLE);
  ALTER TABLE "STORE_SHOP"."BILL_SALE_DETAILS" MODIFY ("PRODUCT" NOT NULL ENABLE);
  ALTER TABLE "STORE_SHOP"."BILL_SALE_DETAILS" ADD CONSTRAINT "BILL_SALE_DETAILS_UK1" UNIQUE ("BILL_SALE_ID", "PRODUCT")
  USING INDEX PCTFREE 10 INITRANS 2 MAXTRANS 255 COMPUTE STATISTICS 
  STORAGE(INITIAL 65536 NEXT 1048576 MINEXTENTS 1 MAXEXTENTS 2147483645
  PCTINCREASE 0 FREELISTS 1 FREELIST GROUPS 1 BUFFER_POOL DEFAULT FLASH_CACHE DEFAULT CELL_FLASH_CACHE DEFAULT)
  TABLESPACE "SYSTEM"  ENABLE;
  ALTER TABLE "STORE_SHOP"."BILL_SALE_DETAILS" MODIFY ("AMOUNT" NOT NULL ENABLE);
  ALTER TABLE "STORE_SHOP"."BILL_SALE_DETAILS" MODIFY ("PRODUCT_CATEGORY" NOT NULL ENABLE);
--------------------------------------------------------
--  Constraints for Table EMPLOYEES
--------------------------------------------------------

  ALTER TABLE "STORE_SHOP"."EMPLOYEES" ADD CONSTRAINT "EMPLOYEES_PK" PRIMARY KEY ("ID")
  USING INDEX PCTFREE 10 INITRANS 2 MAXTRANS 255 COMPUTE STATISTICS 
  STORAGE(INITIAL 65536 NEXT 1048576 MINEXTENTS 1 MAXEXTENTS 2147483645
  PCTINCREASE 0 FREELISTS 1 FREELIST GROUPS 1 MAXSIZE UNLIMITED BUFFER_POOL DEFAULT FLASH_CACHE DEFAULT CELL_FLASH_CACHE DEFAULT)
  TABLESPACE "SYSTEM"  ENABLE;
  ALTER TABLE "STORE_SHOP"."EMPLOYEES" MODIFY ("ID" NOT NULL ENABLE);
  ALTER TABLE "STORE_SHOP"."EMPLOYEES" MODIFY ("HIRE_DATE" NOT NULL ENABLE);
  ALTER TABLE "STORE_SHOP"."EMPLOYEES" MODIFY ("PHONE_NUMBER" NOT NULL ENABLE);
  ALTER TABLE "STORE_SHOP"."EMPLOYEES" MODIFY ("NAME" NOT NULL ENABLE);
--------------------------------------------------------
--  Constraints for Table SUPPLIERS
--------------------------------------------------------

  ALTER TABLE "STORE_SHOP"."SUPPLIERS" ADD CONSTRAINT "SUPPLIERS_PK" PRIMARY KEY ("ID")
  USING INDEX PCTFREE 10 INITRANS 2 MAXTRANS 255 COMPUTE STATISTICS 
  STORAGE(INITIAL 65536 NEXT 1048576 MINEXTENTS 1 MAXEXTENTS 2147483645
  PCTINCREASE 0 FREELISTS 1 FREELIST GROUPS 1 MAXSIZE UNLIMITED BUFFER_POOL DEFAULT FLASH_CACHE DEFAULT CELL_FLASH_CACHE DEFAULT)
  TABLESPACE "SYSTEM"  ENABLE;
  ALTER TABLE "STORE_SHOP"."SUPPLIERS" MODIFY ("PHONE_NUMBER" NOT NULL ENABLE);
  ALTER TABLE "STORE_SHOP"."SUPPLIERS" MODIFY ("COMPANY_NAME" NOT NULL ENABLE);
  ALTER TABLE "STORE_SHOP"."SUPPLIERS" MODIFY ("ID" NOT NULL ENABLE);
--------------------------------------------------------
--  Constraints for Table PURCHASE_BILL
--------------------------------------------------------

  ALTER TABLE "STORE_SHOP"."PURCHASE_BILL" MODIFY ("ID" NOT NULL ENABLE);
  ALTER TABLE "STORE_SHOP"."PURCHASE_BILL" MODIFY ("BILL_DATE" NOT NULL ENABLE);
  ALTER TABLE "STORE_SHOP"."PURCHASE_BILL" MODIFY ("SUPPLIER" NOT NULL ENABLE);
  ALTER TABLE "STORE_SHOP"."PURCHASE_BILL" MODIFY ("TOTAL_PRICE" NOT NULL ENABLE);
  ALTER TABLE "STORE_SHOP"."PURCHASE_BILL" ADD CONSTRAINT "PURCHASE_BILL_PK" PRIMARY KEY ("ID")
  USING INDEX PCTFREE 10 INITRANS 2 MAXTRANS 255 COMPUTE STATISTICS 
  STORAGE(INITIAL 65536 NEXT 1048576 MINEXTENTS 1 MAXEXTENTS 2147483645
  PCTINCREASE 0 FREELISTS 1 FREELIST GROUPS 1 BUFFER_POOL DEFAULT FLASH_CACHE DEFAULT CELL_FLASH_CACHE DEFAULT)
  TABLESPACE "SYSTEM"  ENABLE;
--------------------------------------------------------
--  Constraints for Table MONEY
--------------------------------------------------------

  ALTER TABLE "STORE_SHOP"."MONEY" MODIFY ("ID" NOT NULL ENABLE);
  ALTER TABLE "STORE_SHOP"."MONEY" MODIFY ("GROUP_STUDENT" NOT NULL ENABLE);
  ALTER TABLE "STORE_SHOP"."MONEY" MODIFY ("PAY_DATE" NOT NULL ENABLE);
  ALTER TABLE "STORE_SHOP"."MONEY" MODIFY ("MONEY" NOT NULL ENABLE);
  ALTER TABLE "STORE_SHOP"."MONEY" ADD CONSTRAINT "SUBJECT_MONEY_PK" PRIMARY KEY ("ID")
  USING INDEX PCTFREE 10 INITRANS 2 MAXTRANS 255 COMPUTE STATISTICS 
  STORAGE(INITIAL 65536 NEXT 1048576 MINEXTENTS 1 MAXEXTENTS 2147483645
  PCTINCREASE 0 FREELISTS 1 FREELIST GROUPS 1 BUFFER_POOL DEFAULT FLASH_CACHE DEFAULT CELL_FLASH_CACHE DEFAULT)
  TABLESPACE "SYSTEM"  ENABLE;
  ALTER TABLE "STORE_SHOP"."MONEY" MODIFY ("GROUP_ID" NOT NULL ENABLE);
--------------------------------------------------------
--  Constraints for Table STUDENT
--------------------------------------------------------

  ALTER TABLE "STORE_SHOP"."STUDENT" MODIFY ("ID" NOT NULL ENABLE);
  ALTER TABLE "STORE_SHOP"."STUDENT" MODIFY ("NAME" NOT NULL ENABLE);
  ALTER TABLE "STORE_SHOP"."STUDENT" ADD CONSTRAINT "STUDENT_PK" PRIMARY KEY ("ID")
  USING INDEX PCTFREE 10 INITRANS 2 MAXTRANS 255 COMPUTE STATISTICS 
  STORAGE(INITIAL 65536 NEXT 1048576 MINEXTENTS 1 MAXEXTENTS 2147483645
  PCTINCREASE 0 FREELISTS 1 FREELIST GROUPS 1 BUFFER_POOL DEFAULT FLASH_CACHE DEFAULT CELL_FLASH_CACHE DEFAULT)
  TABLESPACE "SYSTEM"  ENABLE;
--------------------------------------------------------
--  Constraints for Table PRODUCTS_CATEGORY
--------------------------------------------------------

  ALTER TABLE "STORE_SHOP"."PRODUCTS_CATEGORY" MODIFY ("ID" NOT NULL ENABLE);
  ALTER TABLE "STORE_SHOP"."PRODUCTS_CATEGORY" ADD CONSTRAINT "PRODUCTS_CATEGORY_PK" PRIMARY KEY ("ID")
  USING INDEX PCTFREE 10 INITRANS 2 MAXTRANS 255 COMPUTE STATISTICS 
  STORAGE(INITIAL 65536 NEXT 1048576 MINEXTENTS 1 MAXEXTENTS 2147483645
  PCTINCREASE 0 FREELISTS 1 FREELIST GROUPS 1 BUFFER_POOL DEFAULT FLASH_CACHE DEFAULT CELL_FLASH_CACHE DEFAULT)
  TABLESPACE "SYSTEM"  ENABLE;
  ALTER TABLE "STORE_SHOP"."PRODUCTS_CATEGORY" ADD CONSTRAINT "PRODUCTS_CATEGORY_UK1" UNIQUE ("NAME")
  USING INDEX PCTFREE 10 INITRANS 2 MAXTRANS 255 COMPUTE STATISTICS 
  STORAGE(INITIAL 65536 NEXT 1048576 MINEXTENTS 1 MAXEXTENTS 2147483645
  PCTINCREASE 0 FREELISTS 1 FREELIST GROUPS 1 BUFFER_POOL DEFAULT FLASH_CACHE DEFAULT CELL_FLASH_CACHE DEFAULT)
  TABLESPACE "SYSTEM"  ENABLE;
--------------------------------------------------------
--  Constraints for Table PROJECT_COMPANY_DATA
--------------------------------------------------------

  ALTER TABLE "STORE_SHOP"."PROJECT_COMPANY_DATA" ADD CONSTRAINT "PROJECT_COMPANY_DATA_PK" PRIMARY KEY ("ID")
  USING INDEX PCTFREE 10 INITRANS 2 MAXTRANS 255 COMPUTE STATISTICS 
  STORAGE(INITIAL 65536 NEXT 1048576 MINEXTENTS 1 MAXEXTENTS 2147483645
  PCTINCREASE 0 FREELISTS 1 FREELIST GROUPS 1 BUFFER_POOL DEFAULT FLASH_CACHE DEFAULT CELL_FLASH_CACHE DEFAULT)
  TABLESPACE "SYSTEM"  ENABLE;
  ALTER TABLE "STORE_SHOP"."PROJECT_COMPANY_DATA" MODIFY ("TAX_CARD" NOT NULL ENABLE);
  ALTER TABLE "STORE_SHOP"."PROJECT_COMPANY_DATA" MODIFY ("COMMERICIAL_ID" NOT NULL ENABLE);
  ALTER TABLE "STORE_SHOP"."PROJECT_COMPANY_DATA" MODIFY ("PHONE_NUMBER" NOT NULL ENABLE);
  ALTER TABLE "STORE_SHOP"."PROJECT_COMPANY_DATA" MODIFY ("COMPANY_NAME" NOT NULL ENABLE);
  ALTER TABLE "STORE_SHOP"."PROJECT_COMPANY_DATA" MODIFY ("ID" NOT NULL ENABLE);
--------------------------------------------------------
--  Constraints for Table WEEK_DAYS
--------------------------------------------------------

  ALTER TABLE "STORE_SHOP"."WEEK_DAYS" MODIFY ("ID" NOT NULL ENABLE);
  ALTER TABLE "STORE_SHOP"."WEEK_DAYS" ADD CONSTRAINT "WEEK_DAYS_PK" PRIMARY KEY ("ID")
  USING INDEX PCTFREE 10 INITRANS 2 MAXTRANS 255 COMPUTE STATISTICS 
  STORAGE(INITIAL 65536 NEXT 1048576 MINEXTENTS 1 MAXEXTENTS 2147483645
  PCTINCREASE 0 FREELISTS 1 FREELIST GROUPS 1 BUFFER_POOL DEFAULT FLASH_CACHE DEFAULT CELL_FLASH_CACHE DEFAULT)
  TABLESPACE "SYSTEM"  ENABLE;
--------------------------------------------------------
--  Constraints for Table EDUCATIONAL_SUBJECT
--------------------------------------------------------

  ALTER TABLE "STORE_SHOP"."EDUCATIONAL_SUBJECT" MODIFY ("ID" NOT NULL ENABLE);
  ALTER TABLE "STORE_SHOP"."EDUCATIONAL_SUBJECT" MODIFY ("EDUCATIONAL_LEVEL" NOT NULL ENABLE);
  ALTER TABLE "STORE_SHOP"."EDUCATIONAL_SUBJECT" MODIFY ("SUBJECT" NOT NULL ENABLE);
  ALTER TABLE "STORE_SHOP"."EDUCATIONAL_SUBJECT" ADD CONSTRAINT "EDUCATIONAL_SUBJECT_PK" PRIMARY KEY ("ID")
  USING INDEX PCTFREE 10 INITRANS 2 MAXTRANS 255 COMPUTE STATISTICS 
  STORAGE(INITIAL 65536 NEXT 1048576 MINEXTENTS 1 MAXEXTENTS 2147483645
  PCTINCREASE 0 FREELISTS 1 FREELIST GROUPS 1 BUFFER_POOL DEFAULT FLASH_CACHE DEFAULT CELL_FLASH_CACHE DEFAULT)
  TABLESPACE "SYSTEM"  ENABLE;
  ALTER TABLE "STORE_SHOP"."EDUCATIONAL_SUBJECT" MODIFY ("PRICE" NOT NULL ENABLE);
--------------------------------------------------------
--  Constraints for Table TEST_STUDENT
--------------------------------------------------------

  ALTER TABLE "STORE_SHOP"."TEST_STUDENT" MODIFY ("ID" NOT NULL ENABLE);
  ALTER TABLE "STORE_SHOP"."TEST_STUDENT" MODIFY ("TEST_ID" NOT NULL ENABLE);
  ALTER TABLE "STORE_SHOP"."TEST_STUDENT" MODIFY ("GROUP_STUDENT" NOT NULL ENABLE);
  ALTER TABLE "STORE_SHOP"."TEST_STUDENT" MODIFY ("DEGREE" NOT NULL ENABLE);
  ALTER TABLE "STORE_SHOP"."TEST_STUDENT" ADD CONSTRAINT "TEST_STUDENT_PK" PRIMARY KEY ("ID")
  USING INDEX PCTFREE 10 INITRANS 2 MAXTRANS 255 COMPUTE STATISTICS 
  STORAGE(INITIAL 65536 NEXT 1048576 MINEXTENTS 1 MAXEXTENTS 2147483645
  PCTINCREASE 0 FREELISTS 1 FREELIST GROUPS 1 BUFFER_POOL DEFAULT FLASH_CACHE DEFAULT CELL_FLASH_CACHE DEFAULT)
  TABLESPACE "SYSTEM"  ENABLE;
  ALTER TABLE "STORE_SHOP"."TEST_STUDENT" MODIFY ("GROUP_ID" NOT NULL ENABLE);
--------------------------------------------------------
--  Constraints for Table BILL_SALE
--------------------------------------------------------

  ALTER TABLE "STORE_SHOP"."BILL_SALE" ADD CONSTRAINT "BILL_SALE_PK" PRIMARY KEY ("ID")
  USING INDEX PCTFREE 10 INITRANS 2 MAXTRANS 255 COMPUTE STATISTICS 
  STORAGE(INITIAL 65536 NEXT 1048576 MINEXTENTS 1 MAXEXTENTS 2147483645
  PCTINCREASE 0 FREELISTS 1 FREELIST GROUPS 1 BUFFER_POOL DEFAULT FLASH_CACHE DEFAULT CELL_FLASH_CACHE DEFAULT)
  TABLESPACE "SYSTEM"  ENABLE;
  ALTER TABLE "STORE_SHOP"."BILL_SALE" MODIFY ("CUSTOMER" NOT NULL ENABLE);
  ALTER TABLE "STORE_SHOP"."BILL_SALE" MODIFY ("TOTAL_PRICE" NOT NULL ENABLE);
  ALTER TABLE "STORE_SHOP"."BILL_SALE" MODIFY ("SALE_DATE" NOT NULL ENABLE);
  ALTER TABLE "STORE_SHOP"."BILL_SALE" MODIFY ("ID" NOT NULL ENABLE);
--------------------------------------------------------
--  Constraints for Table TESTS
--------------------------------------------------------

  ALTER TABLE "STORE_SHOP"."TESTS" MODIFY ("ID" NOT NULL ENABLE);
  ALTER TABLE "STORE_SHOP"."TESTS" MODIFY ("TEST_NAME" NOT NULL ENABLE);
  ALTER TABLE "STORE_SHOP"."TESTS" MODIFY ("GROUP_ID" NOT NULL ENABLE);
  ALTER TABLE "STORE_SHOP"."TESTS" ADD CONSTRAINT "TESTS_PK" PRIMARY KEY ("ID")
  USING INDEX PCTFREE 10 INITRANS 2 MAXTRANS 255 COMPUTE STATISTICS 
  STORAGE(INITIAL 65536 NEXT 1048576 MINEXTENTS 1 MAXEXTENTS 2147483645
  PCTINCREASE 0 FREELISTS 1 FREELIST GROUPS 1 BUFFER_POOL DEFAULT FLASH_CACHE DEFAULT CELL_FLASH_CACHE DEFAULT)
  TABLESPACE "SYSTEM"  ENABLE;
  ALTER TABLE "STORE_SHOP"."TESTS" MODIFY ("DEGREE" NOT NULL ENABLE);
--------------------------------------------------------
--  Constraints for Table CUSTOMERS
--------------------------------------------------------

  ALTER TABLE "STORE_SHOP"."CUSTOMERS" ADD CONSTRAINT "CUSTOMERS_PK" PRIMARY KEY ("ID")
  USING INDEX PCTFREE 10 INITRANS 2 MAXTRANS 255 COMPUTE STATISTICS 
  STORAGE(INITIAL 65536 NEXT 1048576 MINEXTENTS 1 MAXEXTENTS 2147483645
  PCTINCREASE 0 FREELISTS 1 FREELIST GROUPS 1 MAXSIZE UNLIMITED BUFFER_POOL DEFAULT FLASH_CACHE DEFAULT CELL_FLASH_CACHE DEFAULT)
  TABLESPACE "SYSTEM"  ENABLE;
  ALTER TABLE "STORE_SHOP"."CUSTOMERS" MODIFY ("ID" NOT NULL ENABLE);
  ALTER TABLE "STORE_SHOP"."CUSTOMERS" MODIFY ("PHONE_NUMBER" NOT NULL ENABLE);
  ALTER TABLE "STORE_SHOP"."CUSTOMERS" MODIFY ("NAME" NOT NULL ENABLE);
--------------------------------------------------------
--  Constraints for Table OTHER_PAYMENTS
--------------------------------------------------------

  ALTER TABLE "STORE_SHOP"."OTHER_PAYMENTS" ADD CONSTRAINT "OTHER_PAYMENTS_PK" PRIMARY KEY ("ID")
  USING INDEX PCTFREE 10 INITRANS 2 MAXTRANS 255 COMPUTE STATISTICS 
  STORAGE(INITIAL 65536 NEXT 1048576 MINEXTENTS 1 MAXEXTENTS 2147483645
  PCTINCREASE 0 FREELISTS 1 FREELIST GROUPS 1 BUFFER_POOL DEFAULT FLASH_CACHE DEFAULT CELL_FLASH_CACHE DEFAULT)
  TABLESPACE "SYSTEM"  ENABLE;
  ALTER TABLE "STORE_SHOP"."OTHER_PAYMENTS" MODIFY ("PRICE" NOT NULL ENABLE);
  ALTER TABLE "STORE_SHOP"."OTHER_PAYMENTS" MODIFY ("PAYMENT_DATE" NOT NULL ENABLE);
  ALTER TABLE "STORE_SHOP"."OTHER_PAYMENTS" MODIFY ("PAYMENT_TYPE" NOT NULL ENABLE);
--------------------------------------------------------
--  Constraints for Table SYS_TASKFLOWS
--------------------------------------------------------

  ALTER TABLE "STORE_SHOP"."SYS_TASKFLOWS" ADD CONSTRAINT "SYS_TASKFLOWS_PK" PRIMARY KEY ("ID")
  USING INDEX PCTFREE 10 INITRANS 2 MAXTRANS 255 COMPUTE STATISTICS 
  STORAGE(INITIAL 65536 NEXT 1048576 MINEXTENTS 1 MAXEXTENTS 2147483645
  PCTINCREASE 0 FREELISTS 1 FREELIST GROUPS 1 BUFFER_POOL DEFAULT FLASH_CACHE DEFAULT CELL_FLASH_CACHE DEFAULT)
  TABLESPACE "SYSTEM"  ENABLE;
  ALTER TABLE "STORE_SHOP"."SYS_TASKFLOWS" MODIFY ("TASKFLOW_NAME" NOT NULL ENABLE);
  ALTER TABLE "STORE_SHOP"."SYS_TASKFLOWS" MODIFY ("ID" NOT NULL ENABLE);
--------------------------------------------------------
--  Constraints for Table PAYMENTS_TYPES
--------------------------------------------------------

  ALTER TABLE "STORE_SHOP"."PAYMENTS_TYPES" ADD CONSTRAINT "PAYMENTS_TYPES_PK" PRIMARY KEY ("ID")
  USING INDEX PCTFREE 10 INITRANS 2 MAXTRANS 255 COMPUTE STATISTICS 
  STORAGE(INITIAL 65536 NEXT 1048576 MINEXTENTS 1 MAXEXTENTS 2147483645
  PCTINCREASE 0 FREELISTS 1 FREELIST GROUPS 1 BUFFER_POOL DEFAULT FLASH_CACHE DEFAULT CELL_FLASH_CACHE DEFAULT)
  TABLESPACE "SYSTEM"  ENABLE;
  ALTER TABLE "STORE_SHOP"."PAYMENTS_TYPES" MODIFY ("NAME" NOT NULL ENABLE);
--------------------------------------------------------
--  Constraints for Table SYS_ROLE_TASKFLOW
--------------------------------------------------------

  ALTER TABLE "STORE_SHOP"."SYS_ROLE_TASKFLOW" ADD CONSTRAINT "SYS_ROLE_TASKFLOW_PK" PRIMARY KEY ("ID")
  USING INDEX PCTFREE 10 INITRANS 2 MAXTRANS 255 COMPUTE STATISTICS 
  STORAGE(INITIAL 65536 NEXT 1048576 MINEXTENTS 1 MAXEXTENTS 2147483645
  PCTINCREASE 0 FREELISTS 1 FREELIST GROUPS 1 BUFFER_POOL DEFAULT FLASH_CACHE DEFAULT CELL_FLASH_CACHE DEFAULT)
  TABLESPACE "SYSTEM"  ENABLE;
  ALTER TABLE "STORE_SHOP"."SYS_ROLE_TASKFLOW" ADD CONSTRAINT "SYS_ROLE_TASKFLOW_UK1" UNIQUE ("ROLE_ID", "TASKFLOW_ID")
  USING INDEX PCTFREE 10 INITRANS 2 MAXTRANS 255 COMPUTE STATISTICS 
  STORAGE(INITIAL 65536 NEXT 1048576 MINEXTENTS 1 MAXEXTENTS 2147483645
  PCTINCREASE 0 FREELISTS 1 FREELIST GROUPS 1 BUFFER_POOL DEFAULT FLASH_CACHE DEFAULT CELL_FLASH_CACHE DEFAULT)
  TABLESPACE "SYSTEM"  ENABLE;
  ALTER TABLE "STORE_SHOP"."SYS_ROLE_TASKFLOW" MODIFY ("TASKFLOW_ID" NOT NULL ENABLE);
  ALTER TABLE "STORE_SHOP"."SYS_ROLE_TASKFLOW" MODIFY ("ROLE_ID" NOT NULL ENABLE);
  ALTER TABLE "STORE_SHOP"."SYS_ROLE_TASKFLOW" MODIFY ("ID" NOT NULL ENABLE);
--------------------------------------------------------
--  Constraints for Table PS_TXN
--------------------------------------------------------

  ALTER TABLE "STORE_SHOP"."PS_TXN" ADD CONSTRAINT "PS_TXN_PK" PRIMARY KEY ("COLLID", "ID")
  USING INDEX REVERSE PCTFREE 10 INITRANS 2 MAXTRANS 255 COMPUTE STATISTICS 
  STORAGE(INITIAL 65536 NEXT 1048576 MINEXTENTS 1 MAXEXTENTS 2147483645
  PCTINCREASE 0 FREELISTS 1 FREELIST GROUPS 1 BUFFER_POOL DEFAULT FLASH_CACHE DEFAULT CELL_FLASH_CACHE DEFAULT)
  TABLESPACE "SYSTEM"  ENABLE;
--------------------------------------------------------
--  Constraints for Table GROUP_APPOINTMENTS
--------------------------------------------------------

  ALTER TABLE "STORE_SHOP"."GROUP_APPOINTMENTS" MODIFY ("ID" NOT NULL ENABLE);
  ALTER TABLE "STORE_SHOP"."GROUP_APPOINTMENTS" MODIFY ("GROUP_ID" NOT NULL ENABLE);
  ALTER TABLE "STORE_SHOP"."GROUP_APPOINTMENTS" MODIFY ("DAY" NOT NULL ENABLE);
  ALTER TABLE "STORE_SHOP"."GROUP_APPOINTMENTS" MODIFY ("TIME_FROM" NOT NULL ENABLE);
  ALTER TABLE "STORE_SHOP"."GROUP_APPOINTMENTS" MODIFY ("TIME_TO" NOT NULL ENABLE);
  ALTER TABLE "STORE_SHOP"."GROUP_APPOINTMENTS" ADD CONSTRAINT "GROUP_APPOINTMENTS_PK" PRIMARY KEY ("ID")
  USING INDEX PCTFREE 10 INITRANS 2 MAXTRANS 255 COMPUTE STATISTICS 
  STORAGE(INITIAL 65536 NEXT 1048576 MINEXTENTS 1 MAXEXTENTS 2147483645
  PCTINCREASE 0 FREELISTS 1 FREELIST GROUPS 1 BUFFER_POOL DEFAULT FLASH_CACHE DEFAULT CELL_FLASH_CACHE DEFAULT)
  TABLESPACE "SYSTEM"  ENABLE;
  ALTER TABLE "STORE_SHOP"."GROUP_APPOINTMENTS" ADD CONSTRAINT "GROUP_APPOINTMENTS_UK1" UNIQUE ("GROUP_ID", "DAY", "TIME_FROM", "TIME_TO")
  USING INDEX PCTFREE 10 INITRANS 2 MAXTRANS 255 COMPUTE STATISTICS 
  STORAGE(INITIAL 65536 NEXT 1048576 MINEXTENTS 1 MAXEXTENTS 2147483645
  PCTINCREASE 0 FREELISTS 1 FREELIST GROUPS 1 BUFFER_POOL DEFAULT FLASH_CACHE DEFAULT CELL_FLASH_CACHE DEFAULT)
  TABLESPACE "SYSTEM"  ENABLE;
--------------------------------------------------------
--  Constraints for Table EDUCATIONAL_LEVEL
--------------------------------------------------------

  ALTER TABLE "STORE_SHOP"."EDUCATIONAL_LEVEL" MODIFY ("ID" NOT NULL ENABLE);
  ALTER TABLE "STORE_SHOP"."EDUCATIONAL_LEVEL" MODIFY ("NAME" NOT NULL ENABLE);
  ALTER TABLE "STORE_SHOP"."EDUCATIONAL_LEVEL" ADD CONSTRAINT "EDUCATIONAL_LEVEL_PK" PRIMARY KEY ("ID")
  USING INDEX PCTFREE 10 INITRANS 2 MAXTRANS 255 COMPUTE STATISTICS 
  STORAGE(INITIAL 65536 NEXT 1048576 MINEXTENTS 1 MAXEXTENTS 2147483645
  PCTINCREASE 0 FREELISTS 1 FREELIST GROUPS 1 BUFFER_POOL DEFAULT FLASH_CACHE DEFAULT CELL_FLASH_CACHE DEFAULT)
  TABLESPACE "SYSTEM"  ENABLE;
--------------------------------------------------------
--  Ref Constraints for Table BILL_SALE
--------------------------------------------------------

  ALTER TABLE "STORE_SHOP"."BILL_SALE" ADD CONSTRAINT "BILL_SALE_FK1" FOREIGN KEY ("CUSTOMER")
	  REFERENCES "STORE_SHOP"."CUSTOMERS" ("ID") ENABLE;
  ALTER TABLE "STORE_SHOP"."BILL_SALE" ADD CONSTRAINT "BILL_SALE_R03" FOREIGN KEY ("CREATED_BY")
	  REFERENCES "STORE_SHOP"."SYS_USER" ("ID") ENABLE;
  ALTER TABLE "STORE_SHOP"."BILL_SALE" ADD CONSTRAINT "BILL_SALE_R04" FOREIGN KEY ("LAST_UPDATED_BY")
	  REFERENCES "STORE_SHOP"."SYS_USER" ("ID") ENABLE;
--------------------------------------------------------
--  Ref Constraints for Table BILL_SALE_DETAILS
--------------------------------------------------------

  ALTER TABLE "STORE_SHOP"."BILL_SALE_DETAILS" ADD CONSTRAINT "BILL_SALE_DETAILS_FK1" FOREIGN KEY ("PRODUCT")
	  REFERENCES "STORE_SHOP"."PRODUCTS_TYPE" ("ID") ENABLE;
  ALTER TABLE "STORE_SHOP"."BILL_SALE_DETAILS" ADD CONSTRAINT "BILL_SALE_DETAILS_FK2" FOREIGN KEY ("PRODUCT_CATEGORY")
	  REFERENCES "STORE_SHOP"."PRODUCTS_CATEGORY" ("ID") ENABLE;
  ALTER TABLE "STORE_SHOP"."BILL_SALE_DETAILS" ADD CONSTRAINT "BILL_SALE_DETAILS_PARENT" FOREIGN KEY ("BILL_SALE_ID")
	  REFERENCES "STORE_SHOP"."BILL_SALE" ("ID") ENABLE;
  ALTER TABLE "STORE_SHOP"."BILL_SALE_DETAILS" ADD CONSTRAINT "BILL_SALE_DETAILS_R03" FOREIGN KEY ("CREATED_BY")
	  REFERENCES "STORE_SHOP"."SYS_USER" ("ID") ENABLE;
  ALTER TABLE "STORE_SHOP"."BILL_SALE_DETAILS" ADD CONSTRAINT "BILL_SALE_DETAILS_R04" FOREIGN KEY ("LAST_UPDATED_BY")
	  REFERENCES "STORE_SHOP"."SYS_USER" ("ID") ENABLE;
--------------------------------------------------------
--  Ref Constraints for Table CUSTOMERS
--------------------------------------------------------

  ALTER TABLE "STORE_SHOP"."CUSTOMERS" ADD CONSTRAINT "CUSTOMERS_R01" FOREIGN KEY ("CREATED_BY")
	  REFERENCES "STORE_SHOP"."SYS_USER" ("ID") ENABLE;
  ALTER TABLE "STORE_SHOP"."CUSTOMERS" ADD CONSTRAINT "CUSTOMERS_R02" FOREIGN KEY ("LAST_UPDATED_BY")
	  REFERENCES "STORE_SHOP"."SYS_USER" ("ID") ENABLE;
--------------------------------------------------------
--  Ref Constraints for Table EDUCATIONAL_SUBJECT
--------------------------------------------------------

  ALTER TABLE "STORE_SHOP"."EDUCATIONAL_SUBJECT" ADD CONSTRAINT "EDUCATIONAL_SUBJECT_FK1" FOREIGN KEY ("EDUCATIONAL_LEVEL")
	  REFERENCES "STORE_SHOP"."EDUCATIONAL_LEVEL" ("ID") ENABLE;
  ALTER TABLE "STORE_SHOP"."EDUCATIONAL_SUBJECT" ADD CONSTRAINT "EDUCATIONAL_SUBJECT_FK2" FOREIGN KEY ("SUBJECT")
	  REFERENCES "STORE_SHOP"."SUBJECT" ("ID") ENABLE;
--------------------------------------------------------
--  Ref Constraints for Table EMPLOYEES
--------------------------------------------------------

  ALTER TABLE "STORE_SHOP"."EMPLOYEES" ADD CONSTRAINT "EMPLOYEES_R02" FOREIGN KEY ("CREATED_BY")
	  REFERENCES "STORE_SHOP"."SYSTEM_ROLE" ("ID") ENABLE;
  ALTER TABLE "STORE_SHOP"."EMPLOYEES" ADD CONSTRAINT "EMPLOYEES_R03" FOREIGN KEY ("LAST_UPDATED_BY")
	  REFERENCES "STORE_SHOP"."SYS_USER" ("ID") ENABLE;
--------------------------------------------------------
--  Ref Constraints for Table GROUPS
--------------------------------------------------------

  ALTER TABLE "STORE_SHOP"."GROUPS" ADD CONSTRAINT "GROUPS_FK1" FOREIGN KEY ("EDUCATIONAL_LEVEL")
	  REFERENCES "STORE_SHOP"."EDUCATIONAL_LEVEL" ("ID") ENABLE;
  ALTER TABLE "STORE_SHOP"."GROUPS" ADD CONSTRAINT "GROUPS_FK2" FOREIGN KEY ("SUBJECT_ID")
	  REFERENCES "STORE_SHOP"."SUBJECT" ("ID") ENABLE;
--------------------------------------------------------
--  Ref Constraints for Table GROUP_APPOINTMENTS
--------------------------------------------------------

  ALTER TABLE "STORE_SHOP"."GROUP_APPOINTMENTS" ADD CONSTRAINT "GROUP_APPOINTMENTS_FK1" FOREIGN KEY ("GROUP_ID")
	  REFERENCES "STORE_SHOP"."GROUPS" ("ID") ENABLE;
  ALTER TABLE "STORE_SHOP"."GROUP_APPOINTMENTS" ADD CONSTRAINT "GROUP_APPOINTMENTS_FK2" FOREIGN KEY ("DAY")
	  REFERENCES "STORE_SHOP"."WEEK_DAYS" ("ID") ENABLE;
--------------------------------------------------------
--  Ref Constraints for Table GROUP_STUDENT
--------------------------------------------------------

  ALTER TABLE "STORE_SHOP"."GROUP_STUDENT" ADD CONSTRAINT "GRIOP_STUDENT_FK1" FOREIGN KEY ("GROUP_ID")
	  REFERENCES "STORE_SHOP"."GROUPS" ("ID") ENABLE;
  ALTER TABLE "STORE_SHOP"."GROUP_STUDENT" ADD CONSTRAINT "GRIOP_STUDENT_FK2" FOREIGN KEY ("STUDENT_ID")
	  REFERENCES "STORE_SHOP"."STUDENT" ("ID") ENABLE;
--------------------------------------------------------
--  Ref Constraints for Table MONEY
--------------------------------------------------------

  ALTER TABLE "STORE_SHOP"."MONEY" ADD CONSTRAINT "SUBJECT_MONEY_FK1" FOREIGN KEY ("GROUP_ID")
	  REFERENCES "STORE_SHOP"."GROUPS" ("ID") ENABLE;
  ALTER TABLE "STORE_SHOP"."MONEY" ADD CONSTRAINT "SUBJECT_MONEY_FK2" FOREIGN KEY ("GROUP_STUDENT")
	  REFERENCES "STORE_SHOP"."GROUP_STUDENT" ("ID") ENABLE;
--------------------------------------------------------
--  Ref Constraints for Table OTHER_PAYMENTS
--------------------------------------------------------

  ALTER TABLE "STORE_SHOP"."OTHER_PAYMENTS" ADD CONSTRAINT "OTHER_PAYMENTS_R01" FOREIGN KEY ("CREATED_BY")
	  REFERENCES "STORE_SHOP"."SYS_USER" ("ID") ENABLE;
  ALTER TABLE "STORE_SHOP"."OTHER_PAYMENTS" ADD CONSTRAINT "OTHER_PAYMENTS_R02" FOREIGN KEY ("LAST_UPDATED_BY")
	  REFERENCES "STORE_SHOP"."SYS_USER" ("ID") ENABLE;
  ALTER TABLE "STORE_SHOP"."OTHER_PAYMENTS" ADD CONSTRAINT "OTHER_PAYMENTS_R03" FOREIGN KEY ("PAYMENT_TYPE")
	  REFERENCES "STORE_SHOP"."PAYMENTS_TYPES" ("ID") ENABLE;
--------------------------------------------------------
--  Ref Constraints for Table PAYMENTS_TYPES
--------------------------------------------------------

  ALTER TABLE "STORE_SHOP"."PAYMENTS_TYPES" ADD CONSTRAINT "PAYMENTS_TYPES_R01" FOREIGN KEY ("CREATED_BY")
	  REFERENCES "STORE_SHOP"."SYS_USER" ("ID") ENABLE;
  ALTER TABLE "STORE_SHOP"."PAYMENTS_TYPES" ADD CONSTRAINT "PAYMENTS_TYPES_R02" FOREIGN KEY ("LAST_UPDATED_BY")
	  REFERENCES "STORE_SHOP"."SYS_USER" ("ID") ENABLE;
--------------------------------------------------------
--  Ref Constraints for Table PRODUCTS
--------------------------------------------------------

  ALTER TABLE "STORE_SHOP"."PRODUCTS" ADD CONSTRAINT "PRODUCTS_FK1" FOREIGN KEY ("CATEGORY")
	  REFERENCES "STORE_SHOP"."PRODUCTS_CATEGORY" ("ID") ENABLE;
  ALTER TABLE "STORE_SHOP"."PRODUCTS" ADD CONSTRAINT "PRODUCTS_FK2" FOREIGN KEY ("TYPE")
	  REFERENCES "STORE_SHOP"."PRODUCTS_TYPE" ("ID") ENABLE;
  ALTER TABLE "STORE_SHOP"."PRODUCTS" ADD CONSTRAINT "PRODUCTS_FK3" FOREIGN KEY ("STATUS")
	  REFERENCES "STORE_SHOP"."PRODUCT_STATUS" ("ID") ENABLE;
  ALTER TABLE "STORE_SHOP"."PRODUCTS" ADD CONSTRAINT "PRODUCTS_FK4" FOREIGN KEY ("CREATED_BY")
	  REFERENCES "STORE_SHOP"."SYS_USER" ("ID") ENABLE;
  ALTER TABLE "STORE_SHOP"."PRODUCTS" ADD CONSTRAINT "PRODUCTS_FK5" FOREIGN KEY ("LAST_UPDATED_BY")
	  REFERENCES "STORE_SHOP"."SYS_USER" ("ID") ENABLE;
--------------------------------------------------------
--  Ref Constraints for Table PRODUCTS_CATEGORY
--------------------------------------------------------

  ALTER TABLE "STORE_SHOP"."PRODUCTS_CATEGORY" ADD CONSTRAINT "PRODUCTS_CATEGORY_FK1" FOREIGN KEY ("CREATED_BY")
	  REFERENCES "STORE_SHOP"."SYS_USER" ("ID") ENABLE;
  ALTER TABLE "STORE_SHOP"."PRODUCTS_CATEGORY" ADD CONSTRAINT "PRODUCTS_CATEGORY_FK2" FOREIGN KEY ("LAST_UPDATED_BY")
	  REFERENCES "STORE_SHOP"."SYS_USER" ("ID") ENABLE;
--------------------------------------------------------
--  Ref Constraints for Table PRODUCTS_TYPE
--------------------------------------------------------

  ALTER TABLE "STORE_SHOP"."PRODUCTS_TYPE" ADD CONSTRAINT "PRODUCTS_TYPE_FK1" FOREIGN KEY ("CREATED_BY")
	  REFERENCES "STORE_SHOP"."SYS_USER" ("ID") ENABLE;
  ALTER TABLE "STORE_SHOP"."PRODUCTS_TYPE" ADD CONSTRAINT "PRODUCTS_TYPE_FK2" FOREIGN KEY ("LAST_UPDATED_BY")
	  REFERENCES "STORE_SHOP"."SYS_USER" ("ID") ENABLE;
  ALTER TABLE "STORE_SHOP"."PRODUCTS_TYPE" ADD CONSTRAINT "PRODUCTS_TYPE_FK3" FOREIGN KEY ("CATEGORY")
	  REFERENCES "STORE_SHOP"."PRODUCTS_CATEGORY" ("ID") ENABLE;
--------------------------------------------------------
--  Ref Constraints for Table PURCHASE_BILL
--------------------------------------------------------

  ALTER TABLE "STORE_SHOP"."PURCHASE_BILL" ADD CONSTRAINT "PURCHASE_BILL_CREATED_BY_FK2" FOREIGN KEY ("CREATED_BY")
	  REFERENCES "STORE_SHOP"."SYS_USER" ("ID") ENABLE;
  ALTER TABLE "STORE_SHOP"."PURCHASE_BILL" ADD CONSTRAINT "PURCHASE_BILL_LAST_CREATED_FK3" FOREIGN KEY ("LAST_UPDATED_BY")
	  REFERENCES "STORE_SHOP"."SYS_USER" ("ID") ENABLE;
  ALTER TABLE "STORE_SHOP"."PURCHASE_BILL" ADD CONSTRAINT "PURCHASE_BILL_SUPPLIER_FK1" FOREIGN KEY ("SUPPLIER")
	  REFERENCES "STORE_SHOP"."SUPPLIERS" ("ID") ENABLE;
--------------------------------------------------------
--  Ref Constraints for Table PURCHASE_BILL_DETAILS
--------------------------------------------------------

  ALTER TABLE "STORE_SHOP"."PURCHASE_BILL_DETAILS" ADD CONSTRAINT "PURCHASE_BILL_DETAILS_FK1" FOREIGN KEY ("PURCHASE_BILL")
	  REFERENCES "STORE_SHOP"."PURCHASE_BILL" ("ID") ENABLE;
  ALTER TABLE "STORE_SHOP"."PURCHASE_BILL_DETAILS" ADD CONSTRAINT "PURCHASE_BILL_DETAILS_FK2" FOREIGN KEY ("CREATED_BY")
	  REFERENCES "STORE_SHOP"."SYS_USER" ("ID") ENABLE;
  ALTER TABLE "STORE_SHOP"."PURCHASE_BILL_DETAILS" ADD CONSTRAINT "PURCHASE_BILL_DETAILS_FK3" FOREIGN KEY ("LAST_UPDATED_BY")
	  REFERENCES "STORE_SHOP"."SYS_USER" ("ID") ENABLE;
--------------------------------------------------------
--  Ref Constraints for Table SUPPLIERS
--------------------------------------------------------

  ALTER TABLE "STORE_SHOP"."SUPPLIERS" ADD CONSTRAINT "SUPPLIERS_R01" FOREIGN KEY ("CREATED_BY")
	  REFERENCES "STORE_SHOP"."SYS_USER" ("ID") ENABLE;
  ALTER TABLE "STORE_SHOP"."SUPPLIERS" ADD CONSTRAINT "SUPPLIERS_R02" FOREIGN KEY ("LAST_UPDATED_BY")
	  REFERENCES "STORE_SHOP"."SYS_USER" ("ID") ENABLE;
--------------------------------------------------------
--  Ref Constraints for Table SYSTEM_ROLE
--------------------------------------------------------

  ALTER TABLE "STORE_SHOP"."SYSTEM_ROLE" ADD CONSTRAINT "SYSTEM_ROLE_R01" FOREIGN KEY ("CREATED_BY")
	  REFERENCES "STORE_SHOP"."SYS_USER" ("ID") ENABLE;
  ALTER TABLE "STORE_SHOP"."SYSTEM_ROLE" ADD CONSTRAINT "SYSTEM_ROLE_R02" FOREIGN KEY ("LAST_UPDATED_BY")
	  REFERENCES "STORE_SHOP"."SYS_USER" ("ID") ENABLE;
--------------------------------------------------------
--  Ref Constraints for Table SYS_ROLE_TASKFLOW
--------------------------------------------------------

  ALTER TABLE "STORE_SHOP"."SYS_ROLE_TASKFLOW" ADD CONSTRAINT "SYS_ROLE_TASKFLOW_FK1" FOREIGN KEY ("ROLE_ID")
	  REFERENCES "STORE_SHOP"."SYSTEM_ROLE" ("ID") ENABLE;
  ALTER TABLE "STORE_SHOP"."SYS_ROLE_TASKFLOW" ADD CONSTRAINT "SYS_ROLE_TASKFLOW_FK2" FOREIGN KEY ("TASKFLOW_ID")
	  REFERENCES "STORE_SHOP"."SYS_TASKFLOWS" ("ID") ENABLE;
--------------------------------------------------------
--  Ref Constraints for Table SYS_TASKFLOWS
--------------------------------------------------------

  ALTER TABLE "STORE_SHOP"."SYS_TASKFLOWS" ADD CONSTRAINT "SYS_TASKFLOWS_FK1" FOREIGN KEY ("PARENT")
	  REFERENCES "STORE_SHOP"."SYS_TASKFLOWS" ("ID") ENABLE;
  ALTER TABLE "STORE_SHOP"."SYS_TASKFLOWS" ADD CONSTRAINT "TASKFLOW_FK2" FOREIGN KEY ("CREATED_BY")
	  REFERENCES "STORE_SHOP"."SYS_USER" ("ID") ENABLE;
  ALTER TABLE "STORE_SHOP"."SYS_TASKFLOWS" ADD CONSTRAINT "TASKFLOW_FK3" FOREIGN KEY ("LAST_UPDATED_BY")
	  REFERENCES "STORE_SHOP"."SYS_USER" ("ID") ENABLE;
--------------------------------------------------------
--  Ref Constraints for Table SYS_USER
--------------------------------------------------------

  ALTER TABLE "STORE_SHOP"."SYS_USER" ADD CONSTRAINT "SYS_USER_FK1" FOREIGN KEY ("ROLE")
	  REFERENCES "STORE_SHOP"."SYSTEM_ROLE" ("ID") ENABLE;
  ALTER TABLE "STORE_SHOP"."SYS_USER" ADD CONSTRAINT "SYS_USER_R02" FOREIGN KEY ("CREATED_BY")
	  REFERENCES "STORE_SHOP"."SYS_USER" ("ID") ENABLE;
  ALTER TABLE "STORE_SHOP"."SYS_USER" ADD CONSTRAINT "SYS_USER_R03" FOREIGN KEY ("LAST_UPDATED_BY")
	  REFERENCES "STORE_SHOP"."SYS_USER" ("ID") ENABLE;
--------------------------------------------------------
--  Ref Constraints for Table TESTS
--------------------------------------------------------

  ALTER TABLE "STORE_SHOP"."TESTS" ADD CONSTRAINT "TESTS_FK1" FOREIGN KEY ("GROUP_ID")
	  REFERENCES "STORE_SHOP"."GROUPS" ("ID") ENABLE;
--------------------------------------------------------
--  Ref Constraints for Table TEST_STUDENT
--------------------------------------------------------

  ALTER TABLE "STORE_SHOP"."TEST_STUDENT" ADD CONSTRAINT "TEST_STUDENT_FK1" FOREIGN KEY ("TEST_ID")
	  REFERENCES "STORE_SHOP"."TESTS" ("ID") ENABLE;
  ALTER TABLE "STORE_SHOP"."TEST_STUDENT" ADD CONSTRAINT "TEST_STUDENT_FK2" FOREIGN KEY ("GROUP_STUDENT")
	  REFERENCES "STORE_SHOP"."GROUP_STUDENT" ("ID") ENABLE;
  ALTER TABLE "STORE_SHOP"."TEST_STUDENT" ADD CONSTRAINT "TEST_STUDENT_FK3" FOREIGN KEY ("GROUP_ID")
	  REFERENCES "STORE_SHOP"."GROUPS" ("ID") ENABLE;
