--------------------------------------------------------
--  File created - الخميس-أغسطس-08-2019   
--------------------------------------------------------
--------------------------------------------------------
--  DDL for Sequence PS_TXN_SEQ
--------------------------------------------------------

   CREATE SEQUENCE  "STORE_SHOP"."PS_TXN_SEQ"  MINVALUE 1 MAXVALUE 9999999999999999999999999999 INCREMENT BY 50 START WITH 26201 CACHE 20 NOORDER  NOCYCLE ;
--------------------------------------------------------
--  DDL for Table BILL_SALE
--------------------------------------------------------

  CREATE TABLE "STORE_SHOP"."BILL_SALE" 
   (	"ID" NUMBER, 
	"SALE_DATE" DATE, 
	"TOTAL_PRICE" NUMBER, 
	"DISCOUNT" NUMBER DEFAULT 0, 
	"CUSTOMER" NUMBER, 
	"CREATED_BY" NUMBER, 
	"CREATED_DATE" DATE, 
	"LAST_UPDATED_DATE" DATE, 
	"LAST_UPDATED_BY" NUMBER
   ) SEGMENT CREATION IMMEDIATE 
  PCTFREE 10 PCTUSED 40 INITRANS 1 MAXTRANS 255 NOCOMPRESS LOGGING
  STORAGE(INITIAL 65536 NEXT 1048576 MINEXTENTS 1 MAXEXTENTS 2147483645
  PCTINCREASE 0 FREELISTS 1 FREELIST GROUPS 1 BUFFER_POOL DEFAULT FLASH_CACHE DEFAULT CELL_FLASH_CACHE DEFAULT)
  TABLESPACE "SYSTEM" ;

   COMMENT ON COLUMN "STORE_SHOP"."BILL_SALE"."ID" IS 'المسلسل';
   COMMENT ON COLUMN "STORE_SHOP"."BILL_SALE"."SALE_DATE" IS 'تاريخ فاتوة البيع';
   COMMENT ON COLUMN "STORE_SHOP"."BILL_SALE"."TOTAL_PRICE" IS 'اجمالي سعر الفاتورة';
   COMMENT ON COLUMN "STORE_SHOP"."BILL_SALE"."DISCOUNT" IS 'اجمالي خصم الفاتورة';
   COMMENT ON COLUMN "STORE_SHOP"."BILL_SALE"."CUSTOMER" IS 'العميل';
--------------------------------------------------------
--  DDL for Table BILL_SALE_DETAILS
--------------------------------------------------------

  CREATE TABLE "STORE_SHOP"."BILL_SALE_DETAILS" 
   (	"ID" NUMBER, 
	"PRICE" NUMBER, 
	"DISCOUNT" NUMBER DEFAULT 0, 
	"CREATED_BY" NUMBER, 
	"CREATED_DATE" DATE, 
	"LAST_UPDATED_DATE" DATE, 
	"LAST_UPDATED_BY" NUMBER, 
	"BILL_SALE_ID" NUMBER, 
	"PRODUCT" NUMBER, 
	"AMOUNT" NUMBER, 
	"PRODUCT_CATEGORY" NUMBER
   ) SEGMENT CREATION IMMEDIATE 
  PCTFREE 10 PCTUSED 40 INITRANS 1 MAXTRANS 255 NOCOMPRESS LOGGING
  STORAGE(INITIAL 65536 NEXT 1048576 MINEXTENTS 1 MAXEXTENTS 2147483645
  PCTINCREASE 0 FREELISTS 1 FREELIST GROUPS 1 BUFFER_POOL DEFAULT FLASH_CACHE DEFAULT CELL_FLASH_CACHE DEFAULT)
  TABLESPACE "SYSTEM" ;

   COMMENT ON COLUMN "STORE_SHOP"."BILL_SALE_DETAILS"."ID" IS 'المسلسل';
   COMMENT ON COLUMN "STORE_SHOP"."BILL_SALE_DETAILS"."PRICE" IS 'السعر';
   COMMENT ON COLUMN "STORE_SHOP"."BILL_SALE_DETAILS"."DISCOUNT" IS 'الخصم';
   COMMENT ON COLUMN "STORE_SHOP"."BILL_SALE_DETAILS"."CREATED_BY" IS 'by';
   COMMENT ON COLUMN "STORE_SHOP"."BILL_SALE_DETAILS"."PRODUCT" IS 'المنتج';
   COMMENT ON COLUMN "STORE_SHOP"."BILL_SALE_DETAILS"."AMOUNT" IS 'العدد';
   COMMENT ON COLUMN "STORE_SHOP"."BILL_SALE_DETAILS"."PRODUCT_CATEGORY" IS 'تصنيف المنتج';
--------------------------------------------------------
--  DDL for Table CUSTOMERS
--------------------------------------------------------

  CREATE TABLE "STORE_SHOP"."CUSTOMERS" 
   (	"NAME" VARCHAR2(70 BYTE), 
	"ADDRESS" VARCHAR2(100 BYTE), 
	"PHONE_NUMBER" VARCHAR2(11 BYTE), 
	"ID" NUMBER, 
	"CREATED_BY" NUMBER, 
	"CREATED_DATE" DATE, 
	"LAST_UPDATED_DATE" DATE, 
	"LAST_UPDATED_BY" NUMBER, 
	"EMAIL" VARCHAR2(30 BYTE)
   ) SEGMENT CREATION IMMEDIATE 
  PCTFREE 10 PCTUSED 40 INITRANS 1 MAXTRANS 255 NOCOMPRESS LOGGING
  STORAGE(INITIAL 65536 NEXT 1048576 MINEXTENTS 1 MAXEXTENTS 2147483645
  PCTINCREASE 0 FREELISTS 1 FREELIST GROUPS 1 MAXSIZE UNLIMITED BUFFER_POOL DEFAULT FLASH_CACHE DEFAULT CELL_FLASH_CACHE DEFAULT)
  TABLESPACE "SYSTEM" ;

   COMMENT ON COLUMN "STORE_SHOP"."CUSTOMERS"."NAME" IS 'اسم العميل';
   COMMENT ON COLUMN "STORE_SHOP"."CUSTOMERS"."ADDRESS" IS 'العنوان';
   COMMENT ON COLUMN "STORE_SHOP"."CUSTOMERS"."PHONE_NUMBER" IS 'رقم الهاتف';
   COMMENT ON COLUMN "STORE_SHOP"."CUSTOMERS"."ID" IS 'المسلسل';
   COMMENT ON COLUMN "STORE_SHOP"."CUSTOMERS"."EMAIL" IS 'الايميل';
--------------------------------------------------------
--  DDL for Table EMPLOYEES
--------------------------------------------------------

  CREATE TABLE "STORE_SHOP"."EMPLOYEES" 
   (	"NAME" VARCHAR2(70 BYTE), 
	"PHONE_NUMBER" VARCHAR2(11 BYTE), 
	"ADDRESS" VARCHAR2(100 BYTE), 
	"HIRE_DATE" DATE, 
	"ID" NUMBER, 
	"SALARY" NUMBER, 
	"CREATED_BY" NUMBER, 
	"CREATED_DATE" DATE, 
	"LAST_UPDATED_DATE" DATE, 
	"LAST_UPDATED_BY" NUMBER
   ) SEGMENT CREATION IMMEDIATE 
  PCTFREE 10 PCTUSED 40 INITRANS 1 MAXTRANS 255 NOCOMPRESS LOGGING
  STORAGE(INITIAL 65536 NEXT 1048576 MINEXTENTS 1 MAXEXTENTS 2147483645
  PCTINCREASE 0 FREELISTS 1 FREELIST GROUPS 1 MAXSIZE UNLIMITED BUFFER_POOL DEFAULT FLASH_CACHE DEFAULT CELL_FLASH_CACHE DEFAULT)
  TABLESPACE "SYSTEM" ;

   COMMENT ON COLUMN "STORE_SHOP"."EMPLOYEES"."NAME" IS 'اسم الموظف';
   COMMENT ON COLUMN "STORE_SHOP"."EMPLOYEES"."PHONE_NUMBER" IS 'رقم الهاتف';
   COMMENT ON COLUMN "STORE_SHOP"."EMPLOYEES"."ADDRESS" IS 'العنوان';
   COMMENT ON COLUMN "STORE_SHOP"."EMPLOYEES"."HIRE_DATE" IS 'تاريخ التعيين';
   COMMENT ON COLUMN "STORE_SHOP"."EMPLOYEES"."ID" IS 'المسلسل';
   COMMENT ON COLUMN "STORE_SHOP"."EMPLOYEES"."SALARY" IS 'المرتب';
--------------------------------------------------------
--  DDL for Table OTHER_PAYMENTS
--------------------------------------------------------

  CREATE TABLE "STORE_SHOP"."OTHER_PAYMENTS" 
   (	"ID" NUMBER, 
	"PAYMENT_TYPE" NUMBER, 
	"PAYMENT_DATE" DATE, 
	"COMMENTS" VARCHAR2(200 BYTE), 
	"CREATED_BY" NUMBER, 
	"CREATED_DATE" DATE, 
	"LAST_UPDATED_BY" NUMBER, 
	"LAST_UPDATED_DATE" DATE, 
	"PRICE" NUMBER DEFAULT 0
   ) SEGMENT CREATION IMMEDIATE 
  PCTFREE 10 PCTUSED 40 INITRANS 1 MAXTRANS 255 NOCOMPRESS LOGGING
  STORAGE(INITIAL 65536 NEXT 1048576 MINEXTENTS 1 MAXEXTENTS 2147483645
  PCTINCREASE 0 FREELISTS 1 FREELIST GROUPS 1 BUFFER_POOL DEFAULT FLASH_CACHE DEFAULT CELL_FLASH_CACHE DEFAULT)
  TABLESPACE "SYSTEM" ;
--------------------------------------------------------
--  DDL for Table PAYMENTS_TYPES
--------------------------------------------------------

  CREATE TABLE "STORE_SHOP"."PAYMENTS_TYPES" 
   (	"ID" NUMBER, 
	"NAME" VARCHAR2(70 BYTE), 
	"CREATED_BY" NUMBER, 
	"CREATED_DATE" DATE, 
	"LAST_UPDATED_BY" NUMBER, 
	"LAST_UPDATED_DATE" DATE
   ) SEGMENT CREATION IMMEDIATE 
  PCTFREE 10 PCTUSED 40 INITRANS 1 MAXTRANS 255 NOCOMPRESS LOGGING
  STORAGE(INITIAL 65536 NEXT 1048576 MINEXTENTS 1 MAXEXTENTS 2147483645
  PCTINCREASE 0 FREELISTS 1 FREELIST GROUPS 1 BUFFER_POOL DEFAULT FLASH_CACHE DEFAULT CELL_FLASH_CACHE DEFAULT)
  TABLESPACE "SYSTEM" ;
--------------------------------------------------------
--  DDL for Table PRODUCTS
--------------------------------------------------------

  CREATE TABLE "STORE_SHOP"."PRODUCTS" 
   (	"ID" NUMBER, 
	"CATEGORY" NUMBER, 
	"TYPE" NUMBER, 
	"STATUS" NUMBER, 
	"CREATED_BY" NUMBER, 
	"CREATED_DATE" DATE, 
	"LAST_UPDATED_BY" NUMBER, 
	"LAST_UPDATED_DATE" DATE
   ) SEGMENT CREATION IMMEDIATE 
  PCTFREE 10 PCTUSED 40 INITRANS 1 MAXTRANS 255 NOCOMPRESS LOGGING
  STORAGE(INITIAL 65536 NEXT 1048576 MINEXTENTS 1 MAXEXTENTS 2147483645
  PCTINCREASE 0 FREELISTS 1 FREELIST GROUPS 1 BUFFER_POOL DEFAULT FLASH_CACHE DEFAULT CELL_FLASH_CACHE DEFAULT)
  TABLESPACE "SYSTEM" ;
--------------------------------------------------------
--  DDL for Table PRODUCTS_CATEGORY
--------------------------------------------------------

  CREATE TABLE "STORE_SHOP"."PRODUCTS_CATEGORY" 
   (	"ID" NUMBER, 
	"NAME" VARCHAR2(70 BYTE), 
	"CREATED_BY" NUMBER, 
	"CREATED_DATE" DATE, 
	"LAST_UPDATED_BY" NUMBER, 
	"LAST_UPDATED_DATE" DATE
   ) SEGMENT CREATION IMMEDIATE 
  PCTFREE 10 PCTUSED 40 INITRANS 1 MAXTRANS 255 NOCOMPRESS LOGGING
  STORAGE(INITIAL 65536 NEXT 1048576 MINEXTENTS 1 MAXEXTENTS 2147483645
  PCTINCREASE 0 FREELISTS 1 FREELIST GROUPS 1 BUFFER_POOL DEFAULT FLASH_CACHE DEFAULT CELL_FLASH_CACHE DEFAULT)
  TABLESPACE "SYSTEM" ;
--------------------------------------------------------
--  DDL for Table PRODUCT_STATUS
--------------------------------------------------------

  CREATE TABLE "STORE_SHOP"."PRODUCT_STATUS" 
   (	"ID" NUMBER, 
	"NAME" VARCHAR2(20 BYTE)
   ) SEGMENT CREATION IMMEDIATE 
  PCTFREE 10 PCTUSED 40 INITRANS 1 MAXTRANS 255 NOCOMPRESS LOGGING
  STORAGE(INITIAL 65536 NEXT 1048576 MINEXTENTS 1 MAXEXTENTS 2147483645
  PCTINCREASE 0 FREELISTS 1 FREELIST GROUPS 1 BUFFER_POOL DEFAULT FLASH_CACHE DEFAULT CELL_FLASH_CACHE DEFAULT)
  TABLESPACE "SYSTEM" ;
--------------------------------------------------------
--  DDL for Table PRODUCTS_TYPE
--------------------------------------------------------

  CREATE TABLE "STORE_SHOP"."PRODUCTS_TYPE" 
   (	"ID" NUMBER, 
	"NAME" VARCHAR2(70 BYTE), 
	"CREATED_BY" NUMBER, 
	"CREATED_DATE" DATE, 
	"LAST_UPDATED_BY" NUMBER, 
	"LAST_UPDATED_DATE" DATE, 
	"CATEGORY" NUMBER, 
	"PURCHASE_PRICE" NUMBER, 
	"SALE_PRICE" NUMBER
   ) SEGMENT CREATION IMMEDIATE 
  PCTFREE 10 PCTUSED 40 INITRANS 1 MAXTRANS 255 NOCOMPRESS LOGGING
  STORAGE(INITIAL 65536 NEXT 1048576 MINEXTENTS 1 MAXEXTENTS 2147483645
  PCTINCREASE 0 FREELISTS 1 FREELIST GROUPS 1 BUFFER_POOL DEFAULT FLASH_CACHE DEFAULT CELL_FLASH_CACHE DEFAULT)
  TABLESPACE "SYSTEM" ;
--------------------------------------------------------
--  DDL for Table PROJECT_COMPANY_DATA
--------------------------------------------------------

  CREATE TABLE "STORE_SHOP"."PROJECT_COMPANY_DATA" 
   (	"ID" NUMBER, 
	"COMPANY_NAME" VARCHAR2(100 BYTE), 
	"ADDRESS" VARCHAR2(100 BYTE), 
	"PHONE_NUMBER" VARCHAR2(11 BYTE), 
	"COMMERICIAL_ID" VARCHAR2(20 BYTE), 
	"TAX_CARD" VARCHAR2(20 BYTE)
   ) SEGMENT CREATION IMMEDIATE 
  PCTFREE 10 PCTUSED 40 INITRANS 1 MAXTRANS 255 NOCOMPRESS LOGGING
  STORAGE(INITIAL 65536 NEXT 1048576 MINEXTENTS 1 MAXEXTENTS 2147483645
  PCTINCREASE 0 FREELISTS 1 FREELIST GROUPS 1 BUFFER_POOL DEFAULT FLASH_CACHE DEFAULT CELL_FLASH_CACHE DEFAULT)
  TABLESPACE "SYSTEM" ;
--------------------------------------------------------
--  DDL for Table PS_TXN
--------------------------------------------------------

  CREATE TABLE "STORE_SHOP"."PS_TXN" 
   (	"ID" NUMBER(20,0), 
	"PARENTID" NUMBER(20,0), 
	"COLLID" NUMBER(10,0), 
	"CONTENT" BLOB, 
	"CREATION_DATE" DATE DEFAULT sysdate
   ) SEGMENT CREATION IMMEDIATE 
  PCTFREE 10 PCTUSED 40 INITRANS 1 MAXTRANS 255 NOCOMPRESS LOGGING
  STORAGE(INITIAL 65536 NEXT 1048576 MINEXTENTS 1 MAXEXTENTS 2147483645
  PCTINCREASE 0 FREELISTS 1 FREELIST GROUPS 1 BUFFER_POOL DEFAULT FLASH_CACHE DEFAULT CELL_FLASH_CACHE DEFAULT)
  TABLESPACE "SYSTEM" 
 LOB ("CONTENT") STORE AS BASICFILE (
  TABLESPACE "SYSTEM" ENABLE STORAGE IN ROW CHUNK 8192 RETENTION 
  CACHE 
  STORAGE(INITIAL 65536 NEXT 1048576 MINEXTENTS 1 MAXEXTENTS 2147483645
  PCTINCREASE 0 FREELISTS 1 FREELIST GROUPS 1 BUFFER_POOL DEFAULT FLASH_CACHE DEFAULT CELL_FLASH_CACHE DEFAULT)) ;
--------------------------------------------------------
--  DDL for Table PURCHASE_BILL
--------------------------------------------------------

  CREATE TABLE "STORE_SHOP"."PURCHASE_BILL" 
   (	"ID" NUMBER, 
	"BILL_DATE" DATE, 
	"SUPPLIER" NUMBER, 
	"TOTAL_PRICE" NUMBER, 
	"TOTAL_DISCOUNT" NUMBER DEFAULT 0, 
	"CREATED_BY" NUMBER, 
	"CREATED_DATE" DATE, 
	"LAST_UPDATED_BY" NUMBER, 
	"LAST_UPDATED_DATE" DATE
   ) SEGMENT CREATION IMMEDIATE 
  PCTFREE 10 PCTUSED 40 INITRANS 1 MAXTRANS 255 NOCOMPRESS LOGGING
  STORAGE(INITIAL 65536 NEXT 1048576 MINEXTENTS 1 MAXEXTENTS 2147483645
  PCTINCREASE 0 FREELISTS 1 FREELIST GROUPS 1 BUFFER_POOL DEFAULT FLASH_CACHE DEFAULT CELL_FLASH_CACHE DEFAULT)
  TABLESPACE "SYSTEM" ;
--------------------------------------------------------
--  DDL for Table PURCHASE_BILL_DETAILS
--------------------------------------------------------

  CREATE TABLE "STORE_SHOP"."PURCHASE_BILL_DETAILS" 
   (	"ID" NUMBER, 
	"PURCHASE_BILL" NUMBER, 
	"PRODUCT" NUMBER, 
	"CREATED_BY" NUMBER, 
	"CREATED_DATE" DATE, 
	"LAST_UPDATED_BY" NUMBER, 
	"LAST_UPDATED_DATE" DATE, 
	"PRICE" NUMBER, 
	"PRODUCT_CATEGORY" NUMBER, 
	"AMOUNT" NUMBER DEFAULT 1, 
	"DISCOUNT" NUMBER DEFAULT 0
   ) SEGMENT CREATION IMMEDIATE 
  PCTFREE 10 PCTUSED 40 INITRANS 1 MAXTRANS 255 NOCOMPRESS LOGGING
  STORAGE(INITIAL 65536 NEXT 1048576 MINEXTENTS 1 MAXEXTENTS 2147483645
  PCTINCREASE 0 FREELISTS 1 FREELIST GROUPS 1 BUFFER_POOL DEFAULT FLASH_CACHE DEFAULT CELL_FLASH_CACHE DEFAULT)
  TABLESPACE "SYSTEM" ;
--------------------------------------------------------
--  DDL for Table SUPPLIERS
--------------------------------------------------------

  CREATE TABLE "STORE_SHOP"."SUPPLIERS" 
   (	"ID" NUMBER, 
	"COMPANY_NAME" VARCHAR2(70 BYTE), 
	"ADDRESS" VARCHAR2(100 BYTE), 
	"PHONE_NUMBER" VARCHAR2(11 BYTE), 
	"CREATED_BY" NUMBER, 
	"CREATED_DATE" DATE, 
	"LAST_UPDATED_DATE" DATE, 
	"LAST_UPDATED_BY" NUMBER
   ) SEGMENT CREATION IMMEDIATE 
  PCTFREE 10 PCTUSED 40 INITRANS 1 MAXTRANS 255 NOCOMPRESS LOGGING
  STORAGE(INITIAL 65536 NEXT 1048576 MINEXTENTS 1 MAXEXTENTS 2147483645
  PCTINCREASE 0 FREELISTS 1 FREELIST GROUPS 1 MAXSIZE UNLIMITED BUFFER_POOL DEFAULT FLASH_CACHE DEFAULT CELL_FLASH_CACHE DEFAULT)
  TABLESPACE "SYSTEM" ;

   COMMENT ON COLUMN "STORE_SHOP"."SUPPLIERS"."ID" IS 'المسلسل';
   COMMENT ON COLUMN "STORE_SHOP"."SUPPLIERS"."COMPANY_NAME" IS 'اسم الشركة';
   COMMENT ON COLUMN "STORE_SHOP"."SUPPLIERS"."ADDRESS" IS 'عنوان الشركة';
   COMMENT ON COLUMN "STORE_SHOP"."SUPPLIERS"."PHONE_NUMBER" IS 'رقم الهاتف';
   COMMENT ON TABLE "STORE_SHOP"."SUPPLIERS"  IS 'الموردين';
--------------------------------------------------------
--  DDL for Table SYS_ROLE_TASKFLOW
--------------------------------------------------------

  CREATE TABLE "STORE_SHOP"."SYS_ROLE_TASKFLOW" 
   (	"ID" NUMBER, 
	"ROLE_ID" NUMBER, 
	"TASKFLOW_ID" NUMBER, 
	"CREATED_BY" NUMBER, 
	"CREATED_DATE" DATE, 
	"LAST_UPDATED_DATE" DATE, 
	"LAST_UPDATED_BY" NUMBER
   ) SEGMENT CREATION IMMEDIATE 
  PCTFREE 10 PCTUSED 40 INITRANS 1 MAXTRANS 255 NOCOMPRESS LOGGING
  STORAGE(INITIAL 65536 NEXT 1048576 MINEXTENTS 1 MAXEXTENTS 2147483645
  PCTINCREASE 0 FREELISTS 1 FREELIST GROUPS 1 BUFFER_POOL DEFAULT FLASH_CACHE DEFAULT CELL_FLASH_CACHE DEFAULT)
  TABLESPACE "SYSTEM" ;
--------------------------------------------------------
--  DDL for Table SYS_TASKFLOWS
--------------------------------------------------------

  CREATE TABLE "STORE_SHOP"."SYS_TASKFLOWS" 
   (	"ID" NUMBER, 
	"TASKFLOW_NAME" VARCHAR2(100 BYTE), 
	"PARENT" NUMBER, 
	"TASK_FLOW_URL" VARCHAR2(100 BYTE), 
	"CREATED_BY" NUMBER, 
	"CREATED_DATE" DATE, 
	"LAST_UPDATED_DATE" DATE, 
	"LAST_UPDATED_BY" NUMBER, 
	"VISIBLE" CHAR(1 BYTE) DEFAULT 1, 
	"TREE_LEVEL" NUMBER, 
	"ORDER_SEQ" NUMBER
   ) SEGMENT CREATION IMMEDIATE 
  PCTFREE 10 PCTUSED 40 INITRANS 1 MAXTRANS 255 NOCOMPRESS LOGGING
  STORAGE(INITIAL 65536 NEXT 1048576 MINEXTENTS 1 MAXEXTENTS 2147483645
  PCTINCREASE 0 FREELISTS 1 FREELIST GROUPS 1 BUFFER_POOL DEFAULT FLASH_CACHE DEFAULT CELL_FLASH_CACHE DEFAULT)
  TABLESPACE "SYSTEM" ;
--------------------------------------------------------
--  DDL for Table SYSTEM_ROLE
--------------------------------------------------------

  CREATE TABLE "STORE_SHOP"."SYSTEM_ROLE" 
   (	"ID" NUMBER, 
	"NAME" VARCHAR2(100 BYTE), 
	"CREATED_BY" NUMBER, 
	"CREATED_DATE" DATE, 
	"LAST_UPDATED_DATE" DATE, 
	"LAST_UPDATED_BY" NUMBER
   ) SEGMENT CREATION IMMEDIATE 
  PCTFREE 10 PCTUSED 40 INITRANS 1 MAXTRANS 255 NOCOMPRESS LOGGING
  STORAGE(INITIAL 65536 NEXT 1048576 MINEXTENTS 1 MAXEXTENTS 2147483645
  PCTINCREASE 0 FREELISTS 1 FREELIST GROUPS 1 MAXSIZE UNLIMITED BUFFER_POOL DEFAULT FLASH_CACHE DEFAULT CELL_FLASH_CACHE DEFAULT)
  TABLESPACE "SYSTEM" ;

   COMMENT ON COLUMN "STORE_SHOP"."SYSTEM_ROLE"."ID" IS 'المسلسل';
   COMMENT ON COLUMN "STORE_SHOP"."SYSTEM_ROLE"."NAME" IS 'الوظيفة';
--------------------------------------------------------
--  DDL for Table SYS_USER
--------------------------------------------------------

  CREATE TABLE "STORE_SHOP"."SYS_USER" 
   (	"ID" NUMBER, 
	"NAME" VARCHAR2(100 BYTE), 
	"PASSWORD" VARCHAR2(10 BYTE), 
	"PHONE_NUMBER" VARCHAR2(11 BYTE), 
	"ADDRESS" VARCHAR2(100 BYTE), 
	"ROLE" NUMBER, 
	"CREATED_BY" NUMBER, 
	"CREATED_DATE" DATE, 
	"LAST_UPDATED_DATE" DATE, 
	"LAST_UPDATED_BY" NUMBER
   ) SEGMENT CREATION IMMEDIATE 
  PCTFREE 10 PCTUSED 40 INITRANS 1 MAXTRANS 255 NOCOMPRESS LOGGING
  STORAGE(INITIAL 65536 NEXT 1048576 MINEXTENTS 1 MAXEXTENTS 2147483645
  PCTINCREASE 0 FREELISTS 1 FREELIST GROUPS 1 BUFFER_POOL DEFAULT FLASH_CACHE DEFAULT CELL_FLASH_CACHE DEFAULT)
  TABLESPACE "SYSTEM" ;

   COMMENT ON COLUMN "STORE_SHOP"."SYS_USER"."ID" IS 'المسلسل';
   COMMENT ON COLUMN "STORE_SHOP"."SYS_USER"."NAME" IS 'اسم المستخدم
';
   COMMENT ON COLUMN "STORE_SHOP"."SYS_USER"."PASSWORD" IS 'الرقم السري';
   COMMENT ON COLUMN "STORE_SHOP"."SYS_USER"."PHONE_NUMBER" IS 'رقم الهاتف';
   COMMENT ON COLUMN "STORE_SHOP"."SYS_USER"."ADDRESS" IS 'العنوان';
   COMMENT ON COLUMN "STORE_SHOP"."SYS_USER"."ROLE" IS 'الوظيفة
';
REM INSERTING into STORE_SHOP.BILL_SALE
SET DEFINE OFF;
Insert into STORE_SHOP.BILL_SALE (ID,SALE_DATE,TOTAL_PRICE,DISCOUNT,CUSTOMER,CREATED_BY,CREATED_DATE,LAST_UPDATED_DATE,LAST_UPDATED_BY) values (4,to_date('08/08/19','DD/MM/RR'),0,0,3,null,null,null,null);
Insert into STORE_SHOP.BILL_SALE (ID,SALE_DATE,TOTAL_PRICE,DISCOUNT,CUSTOMER,CREATED_BY,CREATED_DATE,LAST_UPDATED_DATE,LAST_UPDATED_BY) values (1,to_date('06/12/07','DD/MM/RR'),195,20,2,null,null,null,null);
Insert into STORE_SHOP.BILL_SALE (ID,SALE_DATE,TOTAL_PRICE,DISCOUNT,CUSTOMER,CREATED_BY,CREATED_DATE,LAST_UPDATED_DATE,LAST_UPDATED_BY) values (2,to_date('07/08/19','DD/MM/RR'),90,0,1,null,null,null,null);
Insert into STORE_SHOP.BILL_SALE (ID,SALE_DATE,TOTAL_PRICE,DISCOUNT,CUSTOMER,CREATED_BY,CREATED_DATE,LAST_UPDATED_DATE,LAST_UPDATED_BY) values (3,to_date('07/08/19','DD/MM/RR'),735,0,3,null,null,null,null);
Insert into STORE_SHOP.BILL_SALE (ID,SALE_DATE,TOTAL_PRICE,DISCOUNT,CUSTOMER,CREATED_BY,CREATED_DATE,LAST_UPDATED_DATE,LAST_UPDATED_BY) values (5,to_date('30/07/19','DD/MM/RR'),0,0,1,null,null,null,null);
REM INSERTING into STORE_SHOP.BILL_SALE_DETAILS
SET DEFINE OFF;
Insert into STORE_SHOP.BILL_SALE_DETAILS (ID,PRICE,DISCOUNT,CREATED_BY,CREATED_DATE,LAST_UPDATED_DATE,LAST_UPDATED_BY,BILL_SALE_ID,PRODUCT,AMOUNT,PRODUCT_CATEGORY) values (4,240,0,1,to_date('08/08/19','DD/MM/RR'),to_date('08/08/19','DD/MM/RR'),1,3,10,4,2);
Insert into STORE_SHOP.BILL_SALE_DETAILS (ID,PRICE,DISCOUNT,CREATED_BY,CREATED_DATE,LAST_UPDATED_DATE,LAST_UPDATED_BY,BILL_SALE_ID,PRODUCT,AMOUNT,PRODUCT_CATEGORY) values (2,90,0,1,to_date('07/08/19','DD/MM/RR'),to_date('08/08/19','DD/MM/RR'),1,2,8,2,2);
Insert into STORE_SHOP.BILL_SALE_DETAILS (ID,PRICE,DISCOUNT,CREATED_BY,CREATED_DATE,LAST_UPDATED_DATE,LAST_UPDATED_BY,BILL_SALE_ID,PRODUCT,AMOUNT,PRODUCT_CATEGORY) values (3,60,10,1,to_date('07/08/19','DD/MM/RR'),to_date('08/08/19','DD/MM/RR'),1,1,10,1,2);
Insert into STORE_SHOP.BILL_SALE_DETAILS (ID,PRICE,DISCOUNT,CREATED_BY,CREATED_DATE,LAST_UPDATED_DATE,LAST_UPDATED_BY,BILL_SALE_ID,PRODUCT,AMOUNT,PRODUCT_CATEGORY) values (5,135,0,1,to_date('08/08/19','DD/MM/RR'),null,null,3,8,3,2);
Insert into STORE_SHOP.BILL_SALE_DETAILS (ID,PRICE,DISCOUNT,CREATED_BY,CREATED_DATE,LAST_UPDATED_DATE,LAST_UPDATED_BY,BILL_SALE_ID,PRODUCT,AMOUNT,PRODUCT_CATEGORY) values (6,135,10,1,to_date('08/08/19','DD/MM/RR'),to_date('08/08/19','DD/MM/RR'),1,1,8,3,2);
Insert into STORE_SHOP.BILL_SALE_DETAILS (ID,PRICE,DISCOUNT,CREATED_BY,CREATED_DATE,LAST_UPDATED_DATE,LAST_UPDATED_BY,BILL_SALE_ID,PRODUCT,AMOUNT,PRODUCT_CATEGORY) values (7,360,0,1,to_date('08/08/19','DD/MM/RR'),null,null,3,11,6,1);
REM INSERTING into STORE_SHOP.CUSTOMERS
SET DEFINE OFF;
Insert into STORE_SHOP.CUSTOMERS (NAME,ADDRESS,PHONE_NUMBER,ID,CREATED_BY,CREATED_DATE,LAST_UPDATED_DATE,LAST_UPDATED_BY,EMAIL) values ('عبدالمعطي السعيد','محلة زياد ش الثانوي','01068941993',1,1,to_date('26/07/19','DD/MM/RR'),to_date('27/07/19','DD/MM/RR'),1,'abdelmoityalsaid@gmail.com');
Insert into STORE_SHOP.CUSTOMERS (NAME,ADDRESS,PHONE_NUMBER,ID,CREATED_BY,CREATED_DATE,LAST_UPDATED_DATE,LAST_UPDATED_BY,EMAIL) values ('ايناس ابراهيم','asasa','01002000300',2,1,to_date('27/07/19','DD/MM/RR'),to_date('27/07/19','DD/MM/RR'),1,'asasasassa');
Insert into STORE_SHOP.CUSTOMERS (NAME,ADDRESS,PHONE_NUMBER,ID,CREATED_BY,CREATED_DATE,LAST_UPDATED_DATE,LAST_UPDATED_BY,EMAIL) values ('بدون اسم',null,'01065469999',3,1,to_date('07/08/19','DD/MM/RR'),null,null,null);
REM INSERTING into STORE_SHOP.EMPLOYEES
SET DEFINE OFF;
REM INSERTING into STORE_SHOP.OTHER_PAYMENTS
SET DEFINE OFF;
Insert into STORE_SHOP.OTHER_PAYMENTS (ID,PAYMENT_TYPE,PAYMENT_DATE,COMMENTS,CREATED_BY,CREATED_DATE,LAST_UPDATED_BY,LAST_UPDATED_DATE,PRICE) values (1,2,to_date('08/08/19','DD/MM/RR'),null,1,to_date('08/08/19','DD/MM/RR'),1,to_date('08/08/19','DD/MM/RR'),100);
Insert into STORE_SHOP.OTHER_PAYMENTS (ID,PAYMENT_TYPE,PAYMENT_DATE,COMMENTS,CREATED_BY,CREATED_DATE,LAST_UPDATED_BY,LAST_UPDATED_DATE,PRICE) values (2,3,to_date('15/08/19','DD/MM/RR'),null,1,to_date('08/08/19','DD/MM/RR'),null,null,500);
Insert into STORE_SHOP.OTHER_PAYMENTS (ID,PAYMENT_TYPE,PAYMENT_DATE,COMMENTS,CREATED_BY,CREATED_DATE,LAST_UPDATED_BY,LAST_UPDATED_DATE,PRICE) values (3,1,to_date('05/08/19','DD/MM/RR'),null,1,to_date('08/08/19','DD/MM/RR'),null,null,300);
Insert into STORE_SHOP.OTHER_PAYMENTS (ID,PAYMENT_TYPE,PAYMENT_DATE,COMMENTS,CREATED_BY,CREATED_DATE,LAST_UPDATED_BY,LAST_UPDATED_DATE,PRICE) values (4,1,to_date('05/08/19','DD/MM/RR'),null,1,to_date('08/08/19','DD/MM/RR'),null,null,200);
REM INSERTING into STORE_SHOP.PAYMENTS_TYPES
SET DEFINE OFF;
Insert into STORE_SHOP.PAYMENTS_TYPES (ID,NAME,CREATED_BY,CREATED_DATE,LAST_UPDATED_BY,LAST_UPDATED_DATE) values (2,'كهرباء',1,to_date('01/08/19','DD/MM/RR'),1,to_date('01/08/19','DD/MM/RR'));
Insert into STORE_SHOP.PAYMENTS_TYPES (ID,NAME,CREATED_BY,CREATED_DATE,LAST_UPDATED_BY,LAST_UPDATED_DATE) values (3,'ايجار',1,to_date('01/08/19','DD/MM/RR'),null,null);
Insert into STORE_SHOP.PAYMENTS_TYPES (ID,NAME,CREATED_BY,CREATED_DATE,LAST_UPDATED_BY,LAST_UPDATED_DATE) values (1,'أجرة سيارة',1,to_date('01/08/19','DD/MM/RR'),1,to_date('01/08/19','DD/MM/RR'));
REM INSERTING into STORE_SHOP.PRODUCTS
SET DEFINE OFF;
REM INSERTING into STORE_SHOP.PRODUCTS_CATEGORY
SET DEFINE OFF;
Insert into STORE_SHOP.PRODUCTS_CATEGORY (ID,NAME,CREATED_BY,CREATED_DATE,LAST_UPDATED_BY,LAST_UPDATED_DATE) values (1,'العاب ذكاء',1,to_date('27/07/19','DD/MM/RR'),null,null);
Insert into STORE_SHOP.PRODUCTS_CATEGORY (ID,NAME,CREATED_BY,CREATED_DATE,LAST_UPDATED_BY,LAST_UPDATED_DATE) values (2,'العاب اطفال 1 سنة',1,to_date('27/07/19','DD/MM/RR'),null,null);
Insert into STORE_SHOP.PRODUCTS_CATEGORY (ID,NAME,CREATED_BY,CREATED_DATE,LAST_UPDATED_BY,LAST_UPDATED_DATE) values (3,'كتب اطفال',1,to_date('08/08/19','DD/MM/RR'),1,to_date('08/08/19','DD/MM/RR'));
REM INSERTING into STORE_SHOP.PRODUCT_STATUS
SET DEFINE OFF;
Insert into STORE_SHOP.PRODUCT_STATUS (ID,NAME) values (1,'جديد');
Insert into STORE_SHOP.PRODUCT_STATUS (ID,NAME) values (2,'مباع');
Insert into STORE_SHOP.PRODUCT_STATUS (ID,NAME) values (3,'مرتجع');
REM INSERTING into STORE_SHOP.PRODUCTS_TYPE
SET DEFINE OFF;
Insert into STORE_SHOP.PRODUCTS_TYPE (ID,NAME,CREATED_BY,CREATED_DATE,LAST_UPDATED_BY,LAST_UPDATED_DATE,CATEGORY,PURCHASE_PRICE,SALE_PRICE) values (10,'test',1,to_date('29/07/19','DD/MM/RR'),1,to_date('01/08/19','DD/MM/RR'),2,45,60);
Insert into STORE_SHOP.PRODUCTS_TYPE (ID,NAME,CREATED_BY,CREATED_DATE,LAST_UPDATED_BY,LAST_UPDATED_DATE,CATEGORY,PURCHASE_PRICE,SALE_PRICE) values (9,'العاب سرعه',1,to_date('27/07/19','DD/MM/RR'),1,to_date('08/08/19','DD/MM/RR'),1,20,30);
Insert into STORE_SHOP.PRODUCTS_TYPE (ID,NAME,CREATED_BY,CREATED_DATE,LAST_UPDATED_BY,LAST_UPDATED_DATE,CATEGORY,PURCHASE_PRICE,SALE_PRICE) values (11,'العاب ذكاء 1',1,to_date('04/08/19','DD/MM/RR'),null,null,1,50,60);
Insert into STORE_SHOP.PRODUCTS_TYPE (ID,NAME,CREATED_BY,CREATED_DATE,LAST_UPDATED_BY,LAST_UPDATED_DATE,CATEGORY,PURCHASE_PRICE,SALE_PRICE) values (12,'TEST',1,to_date('05/08/19','DD/MM/RR'),null,null,1,100,110);
Insert into STORE_SHOP.PRODUCTS_TYPE (ID,NAME,CREATED_BY,CREATED_DATE,LAST_UPDATED_BY,LAST_UPDATED_DATE,CATEGORY,PURCHASE_PRICE,SALE_PRICE) values (13,'دومينو خضروات',1,to_date('08/08/19','DD/MM/RR'),null,null,1,90,100);
Insert into STORE_SHOP.PRODUCTS_TYPE (ID,NAME,CREATED_BY,CREATED_DATE,LAST_UPDATED_BY,LAST_UPDATED_DATE,CATEGORY,PURCHASE_PRICE,SALE_PRICE) values (8,'لعبه تجميع اشكال',1,to_date('27/07/19','DD/MM/RR'),1,to_date('27/07/19','DD/MM/RR'),2,30,45);
REM INSERTING into STORE_SHOP.PROJECT_COMPANY_DATA
SET DEFINE OFF;
Insert into STORE_SHOP.PROJECT_COMPANY_DATA (ID,COMPANY_NAME,ADDRESS,PHONE_NUMBER,COMMERICIAL_ID,TAX_CARD) values (1,'MECANO','MAHALLET_ZIAD','01068941993','0123456','54545');
REM INSERTING into STORE_SHOP.PS_TXN
SET DEFINE OFF;
Insert into STORE_SHOP.PS_TXN (ID,PARENTID,COLLID,CREATION_DATE) values (1,-1,18901,to_date('27/07/19','DD/MM/RR'));
Insert into STORE_SHOP.PS_TXN (ID,PARENTID,COLLID,CREATION_DATE) values (1,-1,23101,to_date('05/08/19','DD/MM/RR'));
Insert into STORE_SHOP.PS_TXN (ID,PARENTID,COLLID,CREATION_DATE) values (1,-1,21001,to_date('27/07/19','DD/MM/RR'));
Insert into STORE_SHOP.PS_TXN (ID,PARENTID,COLLID,CREATION_DATE) values (1,-1,22051,to_date('29/07/19','DD/MM/RR'));
Insert into STORE_SHOP.PS_TXN (ID,PARENTID,COLLID,CREATION_DATE) values (1,-1,24151,to_date('05/08/19','DD/MM/RR'));
Insert into STORE_SHOP.PS_TXN (ID,PARENTID,COLLID,CREATION_DATE) values (1,-1,24152,to_date('05/08/19','DD/MM/RR'));
Insert into STORE_SHOP.PS_TXN (ID,PARENTID,COLLID,CREATION_DATE) values (1,-1,25201,to_date('07/08/19','DD/MM/RR'));
REM INSERTING into STORE_SHOP.PURCHASE_BILL
SET DEFINE OFF;
Insert into STORE_SHOP.PURCHASE_BILL (ID,BILL_DATE,SUPPLIER,TOTAL_PRICE,TOTAL_DISCOUNT,CREATED_BY,CREATED_DATE,LAST_UPDATED_BY,LAST_UPDATED_DATE) values (1,to_date('04/08/19','DD/MM/RR'),1,500,0,1,to_date('04/08/19','DD/MM/RR'),null,null);
Insert into STORE_SHOP.PURCHASE_BILL (ID,BILL_DATE,SUPPLIER,TOTAL_PRICE,TOTAL_DISCOUNT,CREATED_BY,CREATED_DATE,LAST_UPDATED_BY,LAST_UPDATED_DATE) values (2,to_date('12/08/19','DD/MM/RR'),1,1500,50,1,to_date('05/08/19','DD/MM/RR'),null,null);
REM INSERTING into STORE_SHOP.PURCHASE_BILL_DETAILS
SET DEFINE OFF;
Insert into STORE_SHOP.PURCHASE_BILL_DETAILS (ID,PURCHASE_BILL,PRODUCT,CREATED_BY,CREATED_DATE,LAST_UPDATED_BY,LAST_UPDATED_DATE,PRICE,PRODUCT_CATEGORY,AMOUNT,DISCOUNT) values (3,1,9,1,to_date('04/08/19','DD/MM/RR'),1,to_date('04/08/19','DD/MM/RR'),300,1,2,0);
Insert into STORE_SHOP.PURCHASE_BILL_DETAILS (ID,PURCHASE_BILL,PRODUCT,CREATED_BY,CREATED_DATE,LAST_UPDATED_BY,LAST_UPDATED_DATE,PRICE,PRODUCT_CATEGORY,AMOUNT,DISCOUNT) values (4,1,11,1,to_date('04/08/19','DD/MM/RR'),null,null,700,1,6,20);
Insert into STORE_SHOP.PURCHASE_BILL_DETAILS (ID,PURCHASE_BILL,PRODUCT,CREATED_BY,CREATED_DATE,LAST_UPDATED_BY,LAST_UPDATED_DATE,PRICE,PRODUCT_CATEGORY,AMOUNT,DISCOUNT) values (1,1,8,1,to_date('04/08/19','DD/MM/RR'),null,null,200,2,10,0);
Insert into STORE_SHOP.PURCHASE_BILL_DETAILS (ID,PURCHASE_BILL,PRODUCT,CREATED_BY,CREATED_DATE,LAST_UPDATED_BY,LAST_UPDATED_DATE,PRICE,PRODUCT_CATEGORY,AMOUNT,DISCOUNT) values (2,1,11,1,to_date('04/08/19','DD/MM/RR'),null,null,500,1,5,0);
Insert into STORE_SHOP.PURCHASE_BILL_DETAILS (ID,PURCHASE_BILL,PRODUCT,CREATED_BY,CREATED_DATE,LAST_UPDATED_BY,LAST_UPDATED_DATE,PRICE,PRODUCT_CATEGORY,AMOUNT,DISCOUNT) values (5,1,10,1,to_date('04/08/19','DD/MM/RR'),1,to_date('05/08/19','DD/MM/RR'),854,2,19,10);
Insert into STORE_SHOP.PURCHASE_BILL_DETAILS (ID,PURCHASE_BILL,PRODUCT,CREATED_BY,CREATED_DATE,LAST_UPDATED_BY,LAST_UPDATED_DATE,PRICE,PRODUCT_CATEGORY,AMOUNT,DISCOUNT) values (6,2,8,1,to_date('05/08/19','DD/MM/RR'),null,null,600,2,10,0);
REM INSERTING into STORE_SHOP.SUPPLIERS
SET DEFINE OFF;
Insert into STORE_SHOP.SUPPLIERS (ID,COMPANY_NAME,ADDRESS,PHONE_NUMBER,CREATED_BY,CREATED_DATE,LAST_UPDATED_DATE,LAST_UPDATED_BY) values (1,'شركة الالعاب الذكية','المحلة الكبري','01065478899',1,to_date('09/03/19','DD/MM/RR'),to_date('26/07/19','DD/MM/RR'),1);
Insert into STORE_SHOP.SUPPLIERS (ID,COMPANY_NAME,ADDRESS,PHONE_NUMBER,CREATED_BY,CREATED_DATE,LAST_UPDATED_DATE,LAST_UPDATED_BY) values (2,'شركة الاحلام','المنصورة','01056459877',1,to_date('08/08/19','DD/MM/RR'),null,null);
REM INSERTING into STORE_SHOP.SYS_ROLE_TASKFLOW
SET DEFINE OFF;
Insert into STORE_SHOP.SYS_ROLE_TASKFLOW (ID,ROLE_ID,TASKFLOW_ID,CREATED_BY,CREATED_DATE,LAST_UPDATED_DATE,LAST_UPDATED_BY) values (1,1,1,null,null,null,null);
Insert into STORE_SHOP.SYS_ROLE_TASKFLOW (ID,ROLE_ID,TASKFLOW_ID,CREATED_BY,CREATED_DATE,LAST_UPDATED_DATE,LAST_UPDATED_BY) values (2,1,2,null,null,null,null);
Insert into STORE_SHOP.SYS_ROLE_TASKFLOW (ID,ROLE_ID,TASKFLOW_ID,CREATED_BY,CREATED_DATE,LAST_UPDATED_DATE,LAST_UPDATED_BY) values (3,1,3,null,null,null,null);
Insert into STORE_SHOP.SYS_ROLE_TASKFLOW (ID,ROLE_ID,TASKFLOW_ID,CREATED_BY,CREATED_DATE,LAST_UPDATED_DATE,LAST_UPDATED_BY) values (5,1,5,null,null,null,null);
Insert into STORE_SHOP.SYS_ROLE_TASKFLOW (ID,ROLE_ID,TASKFLOW_ID,CREATED_BY,CREATED_DATE,LAST_UPDATED_DATE,LAST_UPDATED_BY) values (6,1,6,null,null,null,null);
Insert into STORE_SHOP.SYS_ROLE_TASKFLOW (ID,ROLE_ID,TASKFLOW_ID,CREATED_BY,CREATED_DATE,LAST_UPDATED_DATE,LAST_UPDATED_BY) values (7,1,7,null,null,null,null);
Insert into STORE_SHOP.SYS_ROLE_TASKFLOW (ID,ROLE_ID,TASKFLOW_ID,CREATED_BY,CREATED_DATE,LAST_UPDATED_DATE,LAST_UPDATED_BY) values (8,1,8,null,null,null,null);
Insert into STORE_SHOP.SYS_ROLE_TASKFLOW (ID,ROLE_ID,TASKFLOW_ID,CREATED_BY,CREATED_DATE,LAST_UPDATED_DATE,LAST_UPDATED_BY) values (9,1,9,null,null,null,null);
Insert into STORE_SHOP.SYS_ROLE_TASKFLOW (ID,ROLE_ID,TASKFLOW_ID,CREATED_BY,CREATED_DATE,LAST_UPDATED_DATE,LAST_UPDATED_BY) values (10,1,10,null,null,null,null);
Insert into STORE_SHOP.SYS_ROLE_TASKFLOW (ID,ROLE_ID,TASKFLOW_ID,CREATED_BY,CREATED_DATE,LAST_UPDATED_DATE,LAST_UPDATED_BY) values (11,1,11,null,null,null,null);
Insert into STORE_SHOP.SYS_ROLE_TASKFLOW (ID,ROLE_ID,TASKFLOW_ID,CREATED_BY,CREATED_DATE,LAST_UPDATED_DATE,LAST_UPDATED_BY) values (12,1,12,null,null,null,null);
Insert into STORE_SHOP.SYS_ROLE_TASKFLOW (ID,ROLE_ID,TASKFLOW_ID,CREATED_BY,CREATED_DATE,LAST_UPDATED_DATE,LAST_UPDATED_BY) values (13,1,13,null,null,null,null);
Insert into STORE_SHOP.SYS_ROLE_TASKFLOW (ID,ROLE_ID,TASKFLOW_ID,CREATED_BY,CREATED_DATE,LAST_UPDATED_DATE,LAST_UPDATED_BY) values (14,1,14,null,null,null,null);
Insert into STORE_SHOP.SYS_ROLE_TASKFLOW (ID,ROLE_ID,TASKFLOW_ID,CREATED_BY,CREATED_DATE,LAST_UPDATED_DATE,LAST_UPDATED_BY) values (15,1,15,null,null,null,null);
Insert into STORE_SHOP.SYS_ROLE_TASKFLOW (ID,ROLE_ID,TASKFLOW_ID,CREATED_BY,CREATED_DATE,LAST_UPDATED_DATE,LAST_UPDATED_BY) values (16,1,16,null,null,null,null);
Insert into STORE_SHOP.SYS_ROLE_TASKFLOW (ID,ROLE_ID,TASKFLOW_ID,CREATED_BY,CREATED_DATE,LAST_UPDATED_DATE,LAST_UPDATED_BY) values (4,1,4,null,null,null,null);
Insert into STORE_SHOP.SYS_ROLE_TASKFLOW (ID,ROLE_ID,TASKFLOW_ID,CREATED_BY,CREATED_DATE,LAST_UPDATED_DATE,LAST_UPDATED_BY) values (21,1,21,null,null,null,null);
Insert into STORE_SHOP.SYS_ROLE_TASKFLOW (ID,ROLE_ID,TASKFLOW_ID,CREATED_BY,CREATED_DATE,LAST_UPDATED_DATE,LAST_UPDATED_BY) values (22,1,22,null,null,null,null);
REM INSERTING into STORE_SHOP.SYS_TASKFLOWS
SET DEFINE OFF;
Insert into STORE_SHOP.SYS_TASKFLOWS (ID,TASKFLOW_NAME,PARENT,TASK_FLOW_URL,CREATED_BY,CREATED_DATE,LAST_UPDATED_DATE,LAST_UPDATED_BY,VISIBLE,TREE_LEVEL,ORDER_SEQ) values (1,'الرئيسيه',null,'/taskflows/main_TF.xml#main_TF',null,null,null,null,'0',null,1);
Insert into STORE_SHOP.SYS_TASKFLOWS (ID,TASKFLOW_NAME,PARENT,TASK_FLOW_URL,CREATED_BY,CREATED_DATE,LAST_UPDATED_DATE,LAST_UPDATED_BY,VISIBLE,TREE_LEVEL,ORDER_SEQ) values (2,'البيانات الاساسية',null,null,null,null,null,null,'1',null,2);
Insert into STORE_SHOP.SYS_TASKFLOWS (ID,TASKFLOW_NAME,PARENT,TASK_FLOW_URL,CREATED_BY,CREATED_DATE,LAST_UPDATED_DATE,LAST_UPDATED_BY,VISIBLE,TREE_LEVEL,ORDER_SEQ) values (4,'الموردين',2,'/taskflows/lookups/suppliers_TF.xml#suppliers_TF',null,null,null,null,'1',null,null);
Insert into STORE_SHOP.SYS_TASKFLOWS (ID,TASKFLOW_NAME,PARENT,TASK_FLOW_URL,CREATED_BY,CREATED_DATE,LAST_UPDATED_DATE,LAST_UPDATED_BY,VISIBLE,TREE_LEVEL,ORDER_SEQ) values (3,'العملاء',2,'/taskflows/lookups/customers_TF.xml#customers_TF',null,null,null,null,'1',null,null);
Insert into STORE_SHOP.SYS_TASKFLOWS (ID,TASKFLOW_NAME,PARENT,TASK_FLOW_URL,CREATED_BY,CREATED_DATE,LAST_UPDATED_DATE,LAST_UPDATED_BY,VISIBLE,TREE_LEVEL,ORDER_SEQ) values (5,'الموظفين',2,'/taskflows/lookups/employees_TF.xml#employees_TF',null,null,null,null,'1',null,null);
Insert into STORE_SHOP.SYS_TASKFLOWS (ID,TASKFLOW_NAME,PARENT,TASK_FLOW_URL,CREATED_BY,CREATED_DATE,LAST_UPDATED_DATE,LAST_UPDATED_BY,VISIBLE,TREE_LEVEL,ORDER_SEQ) values (8,'المدفوعات',null,null,null,null,null,null,'1',null,3);
Insert into STORE_SHOP.SYS_TASKFLOWS (ID,TASKFLOW_NAME,PARENT,TASK_FLOW_URL,CREATED_BY,CREATED_DATE,LAST_UPDATED_DATE,LAST_UPDATED_BY,VISIBLE,TREE_LEVEL,ORDER_SEQ) values (9,'فواتير شراء',8,'/taskflows/purchases/purchasesTF.xml#purchasesTF',null,null,null,null,'1',null,null);
Insert into STORE_SHOP.SYS_TASKFLOWS (ID,TASKFLOW_NAME,PARENT,TASK_FLOW_URL,CREATED_BY,CREATED_DATE,LAST_UPDATED_DATE,LAST_UPDATED_BY,VISIBLE,TREE_LEVEL,ORDER_SEQ) values (6,'انواع المنتجات',2,'/taskflows/lookups/productsTypes_TF.xml#productsTypes_TF',null,null,null,null,'1',null,null);
Insert into STORE_SHOP.SYS_TASKFLOWS (ID,TASKFLOW_NAME,PARENT,TASK_FLOW_URL,CREATED_BY,CREATED_DATE,LAST_UPDATED_DATE,LAST_UPDATED_BY,VISIBLE,TREE_LEVEL,ORDER_SEQ) values (10,'مدفوعات أخري',8,'/taskflows/otherPaymentsTF.xml#otherPaymentsTF',null,null,null,null,'1',null,null);
Insert into STORE_SHOP.SYS_TASKFLOWS (ID,TASKFLOW_NAME,PARENT,TASK_FLOW_URL,CREATED_BY,CREATED_DATE,LAST_UPDATED_DATE,LAST_UPDATED_BY,VISIBLE,TREE_LEVEL,ORDER_SEQ) values (11,'المبيعات',null,null,null,null,null,null,'1',null,5);
Insert into STORE_SHOP.SYS_TASKFLOWS (ID,TASKFLOW_NAME,PARENT,TASK_FLOW_URL,CREATED_BY,CREATED_DATE,LAST_UPDATED_DATE,LAST_UPDATED_BY,VISIBLE,TREE_LEVEL,ORDER_SEQ) values (12,'فواتير بيع',11,'/taskflows/sales/salesTF.xml#salesTF',null,null,null,null,'1',null,null);
Insert into STORE_SHOP.SYS_TASKFLOWS (ID,TASKFLOW_NAME,PARENT,TASK_FLOW_URL,CREATED_BY,CREATED_DATE,LAST_UPDATED_DATE,LAST_UPDATED_BY,VISIBLE,TREE_LEVEL,ORDER_SEQ) values (7,'أنواع المدفوعات',2,'/taskflows/lookups/paymentsTypesTF.xml#paymentsTypesTF',null,null,null,null,'1',null,null);
Insert into STORE_SHOP.SYS_TASKFLOWS (ID,TASKFLOW_NAME,PARENT,TASK_FLOW_URL,CREATED_BY,CREATED_DATE,LAST_UPDATED_DATE,LAST_UPDATED_BY,VISIBLE,TREE_LEVEL,ORDER_SEQ) values (21,'تقرير بأعداد المنتجات وسعرها الحالي',16,'/taskflows/reports/allProducts_TF.xml#allProducts_TF',null,null,null,null,'1',null,null);
Insert into STORE_SHOP.SYS_TASKFLOWS (ID,TASKFLOW_NAME,PARENT,TASK_FLOW_URL,CREATED_BY,CREATED_DATE,LAST_UPDATED_DATE,LAST_UPDATED_BY,VISIBLE,TREE_LEVEL,ORDER_SEQ) values (16,'التقارير',null,null,null,null,null,null,'1',null,7);
Insert into STORE_SHOP.SYS_TASKFLOWS (ID,TASKFLOW_NAME,PARENT,TASK_FLOW_URL,CREATED_BY,CREATED_DATE,LAST_UPDATED_DATE,LAST_UPDATED_BY,VISIBLE,TREE_LEVEL,ORDER_SEQ) values (22,'تقرير باجمالي المدفوعات والمتحصلات خلال فترة معينة',16,'/taskflows/reports/allPaymentsSalesOther_TF.xml#allPaymentsSalesOther_TF',null,null,null,null,'1',null,null);
Insert into STORE_SHOP.SYS_TASKFLOWS (ID,TASKFLOW_NAME,PARENT,TASK_FLOW_URL,CREATED_BY,CREATED_DATE,LAST_UPDATED_DATE,LAST_UPDATED_BY,VISIBLE,TREE_LEVEL,ORDER_SEQ) values (13,'الادارة',null,null,null,null,null,null,'1',null,6);
Insert into STORE_SHOP.SYS_TASKFLOWS (ID,TASKFLOW_NAME,PARENT,TASK_FLOW_URL,CREATED_BY,CREATED_DATE,LAST_UPDATED_DATE,LAST_UPDATED_BY,VISIBLE,TREE_LEVEL,ORDER_SEQ) values (14,'المستخدمين',13,'/taskflows/security/usersTF.xml#usersTF',null,null,null,null,'1',null,null);
Insert into STORE_SHOP.SYS_TASKFLOWS (ID,TASKFLOW_NAME,PARENT,TASK_FLOW_URL,CREATED_BY,CREATED_DATE,LAST_UPDATED_DATE,LAST_UPDATED_BY,VISIBLE,TREE_LEVEL,ORDER_SEQ) values (15,'إدارة الصلاحيات',13,'/taskflows/security/sysRoleTaskFlows.xml#sysRoleTaskFlows',null,null,null,null,'1',null,null);
Insert into STORE_SHOP.SYS_TASKFLOWS (ID,TASKFLOW_NAME,PARENT,TASK_FLOW_URL,CREATED_BY,CREATED_DATE,LAST_UPDATED_DATE,LAST_UPDATED_BY,VISIBLE,TREE_LEVEL,ORDER_SEQ) values (17,'تقرير بفواتير الشراء خلال فتره معينة',16,'/taskflows/reports/ReceiptsWithSuppliersPeriodReport.xml#ReceiptsWithSuppliersPeriodReport',null,null,null,null,'1',null,null);
Insert into STORE_SHOP.SYS_TASKFLOWS (ID,TASKFLOW_NAME,PARENT,TASK_FLOW_URL,CREATED_BY,CREATED_DATE,LAST_UPDATED_DATE,LAST_UPDATED_BY,VISIBLE,TREE_LEVEL,ORDER_SEQ) values (18,'تقرير بكل المدفوعات خلال فترة',16,'/taskflows/reports/AllPaymentsPeriodReport_TF.xml#AllPaymentsPeriodReport_TF',null,null,null,null,'1',null,null);
Insert into STORE_SHOP.SYS_TASKFLOWS (ID,TASKFLOW_NAME,PARENT,TASK_FLOW_URL,CREATED_BY,CREATED_DATE,LAST_UPDATED_DATE,LAST_UPDATED_BY,VISIBLE,TREE_LEVEL,ORDER_SEQ) values (19,'تقرير بعمليات البيع',16,'/taskflows/reports/BillSaleReport_TF.xml#BillSaleReport_TF',null,null,null,null,'1',null,null);
Insert into STORE_SHOP.SYS_TASKFLOWS (ID,TASKFLOW_NAME,PARENT,TASK_FLOW_URL,CREATED_BY,CREATED_DATE,LAST_UPDATED_DATE,LAST_UPDATED_BY,VISIBLE,TREE_LEVEL,ORDER_SEQ) values (20,'فاتورة بيع',16,'/taskflows/reports/BillSalePrint_TF.xml#BillSalePrint_TF',null,null,null,null,'1',null,null);
REM INSERTING into STORE_SHOP.SYSTEM_ROLE
SET DEFINE OFF;
Insert into STORE_SHOP.SYSTEM_ROLE (ID,NAME,CREATED_BY,CREATED_DATE,LAST_UPDATED_DATE,LAST_UPDATED_BY) values (1,'مدير نظام',null,null,null,null);
Insert into STORE_SHOP.SYSTEM_ROLE (ID,NAME,CREATED_BY,CREATED_DATE,LAST_UPDATED_DATE,LAST_UPDATED_BY) values (2,'موظف',null,null,null,null);
REM INSERTING into STORE_SHOP.SYS_USER
SET DEFINE OFF;
Insert into STORE_SHOP.SYS_USER (ID,NAME,PASSWORD,PHONE_NUMBER,ADDRESS,ROLE,CREATED_BY,CREATED_DATE,LAST_UPDATED_DATE,LAST_UPDATED_BY) values (1,'مدير نظام','1234','01068941993',null,1,null,null,to_date('11/04/19','DD/MM/RR'),1);
--------------------------------------------------------
--  DDL for Index PRODUCTS_TYPE_UK1
--------------------------------------------------------

  CREATE UNIQUE INDEX "STORE_SHOP"."PRODUCTS_TYPE_UK1" ON "STORE_SHOP"."PRODUCTS_TYPE" ("NAME") 
  PCTFREE 10 INITRANS 2 MAXTRANS 255 COMPUTE STATISTICS 
  STORAGE(INITIAL 65536 NEXT 1048576 MINEXTENTS 1 MAXEXTENTS 2147483645
  PCTINCREASE 0 FREELISTS 1 FREELIST GROUPS 1 BUFFER_POOL DEFAULT FLASH_CACHE DEFAULT CELL_FLASH_CACHE DEFAULT)
  TABLESPACE "SYSTEM" ;
--------------------------------------------------------
--  DDL for Index CUSTOMERS_PK
--------------------------------------------------------

  CREATE UNIQUE INDEX "STORE_SHOP"."CUSTOMERS_PK" ON "STORE_SHOP"."CUSTOMERS" ("ID") 
  PCTFREE 10 INITRANS 2 MAXTRANS 255 COMPUTE STATISTICS 
  STORAGE(INITIAL 65536 NEXT 1048576 MINEXTENTS 1 MAXEXTENTS 2147483645
  PCTINCREASE 0 FREELISTS 1 FREELIST GROUPS 1 MAXSIZE UNLIMITED BUFFER_POOL DEFAULT FLASH_CACHE DEFAULT CELL_FLASH_CACHE DEFAULT)
  TABLESPACE "SYSTEM" ;
--------------------------------------------------------
--  DDL for Index SYS_ROLE_TASKFLOW_PK
--------------------------------------------------------

  CREATE UNIQUE INDEX "STORE_SHOP"."SYS_ROLE_TASKFLOW_PK" ON "STORE_SHOP"."SYS_ROLE_TASKFLOW" ("ID") 
  PCTFREE 10 INITRANS 2 MAXTRANS 255 COMPUTE STATISTICS 
  STORAGE(INITIAL 65536 NEXT 1048576 MINEXTENTS 1 MAXEXTENTS 2147483645
  PCTINCREASE 0 FREELISTS 1 FREELIST GROUPS 1 BUFFER_POOL DEFAULT FLASH_CACHE DEFAULT CELL_FLASH_CACHE DEFAULT)
  TABLESPACE "SYSTEM" ;
--------------------------------------------------------
--  DDL for Index PURCHASE_BILL_DETAILS_PK
--------------------------------------------------------

  CREATE UNIQUE INDEX "STORE_SHOP"."PURCHASE_BILL_DETAILS_PK" ON "STORE_SHOP"."PURCHASE_BILL_DETAILS" ("ID") 
  PCTFREE 10 INITRANS 2 MAXTRANS 255 COMPUTE STATISTICS 
  STORAGE(INITIAL 65536 NEXT 1048576 MINEXTENTS 1 MAXEXTENTS 2147483645
  PCTINCREASE 0 FREELISTS 1 FREELIST GROUPS 1 BUFFER_POOL DEFAULT FLASH_CACHE DEFAULT CELL_FLASH_CACHE DEFAULT)
  TABLESPACE "SYSTEM" ;
--------------------------------------------------------
--  DDL for Index PROJECT_COMPANY_DATA_PK
--------------------------------------------------------

  CREATE UNIQUE INDEX "STORE_SHOP"."PROJECT_COMPANY_DATA_PK" ON "STORE_SHOP"."PROJECT_COMPANY_DATA" ("ID") 
  PCTFREE 10 INITRANS 2 MAXTRANS 255 COMPUTE STATISTICS 
  STORAGE(INITIAL 65536 NEXT 1048576 MINEXTENTS 1 MAXEXTENTS 2147483645
  PCTINCREASE 0 FREELISTS 1 FREELIST GROUPS 1 BUFFER_POOL DEFAULT FLASH_CACHE DEFAULT CELL_FLASH_CACHE DEFAULT)
  TABLESPACE "SYSTEM" ;
--------------------------------------------------------
--  DDL for Index SYS_TASKFLOWS_PK
--------------------------------------------------------

  CREATE UNIQUE INDEX "STORE_SHOP"."SYS_TASKFLOWS_PK" ON "STORE_SHOP"."SYS_TASKFLOWS" ("ID") 
  PCTFREE 10 INITRANS 2 MAXTRANS 255 COMPUTE STATISTICS 
  STORAGE(INITIAL 65536 NEXT 1048576 MINEXTENTS 1 MAXEXTENTS 2147483645
  PCTINCREASE 0 FREELISTS 1 FREELIST GROUPS 1 BUFFER_POOL DEFAULT FLASH_CACHE DEFAULT CELL_FLASH_CACHE DEFAULT)
  TABLESPACE "SYSTEM" ;
--------------------------------------------------------
--  DDL for Index PRODUCT_STATUS_PK
--------------------------------------------------------

  CREATE UNIQUE INDEX "STORE_SHOP"."PRODUCT_STATUS_PK" ON "STORE_SHOP"."PRODUCT_STATUS" ("ID") 
  PCTFREE 10 INITRANS 2 MAXTRANS 255 COMPUTE STATISTICS 
  STORAGE(INITIAL 65536 NEXT 1048576 MINEXTENTS 1 MAXEXTENTS 2147483645
  PCTINCREASE 0 FREELISTS 1 FREELIST GROUPS 1 BUFFER_POOL DEFAULT FLASH_CACHE DEFAULT CELL_FLASH_CACHE DEFAULT)
  TABLESPACE "SYSTEM" ;
--------------------------------------------------------
--  DDL for Index BILL_SALE_DETAILS_UK1
--------------------------------------------------------

  CREATE UNIQUE INDEX "STORE_SHOP"."BILL_SALE_DETAILS_UK1" ON "STORE_SHOP"."BILL_SALE_DETAILS" ("BILL_SALE_ID", "PRODUCT") 
  PCTFREE 10 INITRANS 2 MAXTRANS 255 COMPUTE STATISTICS 
  STORAGE(INITIAL 65536 NEXT 1048576 MINEXTENTS 1 MAXEXTENTS 2147483645
  PCTINCREASE 0 FREELISTS 1 FREELIST GROUPS 1 BUFFER_POOL DEFAULT FLASH_CACHE DEFAULT CELL_FLASH_CACHE DEFAULT)
  TABLESPACE "SYSTEM" ;
--------------------------------------------------------
--  DDL for Index PURCHASE_BILL_PK
--------------------------------------------------------

  CREATE UNIQUE INDEX "STORE_SHOP"."PURCHASE_BILL_PK" ON "STORE_SHOP"."PURCHASE_BILL" ("ID") 
  PCTFREE 10 INITRANS 2 MAXTRANS 255 COMPUTE STATISTICS 
  STORAGE(INITIAL 65536 NEXT 1048576 MINEXTENTS 1 MAXEXTENTS 2147483645
  PCTINCREASE 0 FREELISTS 1 FREELIST GROUPS 1 BUFFER_POOL DEFAULT FLASH_CACHE DEFAULT CELL_FLASH_CACHE DEFAULT)
  TABLESPACE "SYSTEM" ;
--------------------------------------------------------
--  DDL for Index PAYMENTS_TYPES_PK
--------------------------------------------------------

  CREATE UNIQUE INDEX "STORE_SHOP"."PAYMENTS_TYPES_PK" ON "STORE_SHOP"."PAYMENTS_TYPES" ("ID") 
  PCTFREE 10 INITRANS 2 MAXTRANS 255 COMPUTE STATISTICS 
  STORAGE(INITIAL 65536 NEXT 1048576 MINEXTENTS 1 MAXEXTENTS 2147483645
  PCTINCREASE 0 FREELISTS 1 FREELIST GROUPS 1 BUFFER_POOL DEFAULT FLASH_CACHE DEFAULT CELL_FLASH_CACHE DEFAULT)
  TABLESPACE "SYSTEM" ;
--------------------------------------------------------
--  DDL for Index SYS_USER_PK
--------------------------------------------------------

  CREATE UNIQUE INDEX "STORE_SHOP"."SYS_USER_PK" ON "STORE_SHOP"."SYS_USER" ("ID") 
  PCTFREE 10 INITRANS 2 MAXTRANS 255 COMPUTE STATISTICS 
  STORAGE(INITIAL 65536 NEXT 1048576 MINEXTENTS 1 MAXEXTENTS 2147483645
  PCTINCREASE 0 FREELISTS 1 FREELIST GROUPS 1 BUFFER_POOL DEFAULT FLASH_CACHE DEFAULT CELL_FLASH_CACHE DEFAULT)
  TABLESPACE "SYSTEM" ;
--------------------------------------------------------
--  DDL for Index BILL_SALE_PK
--------------------------------------------------------

  CREATE UNIQUE INDEX "STORE_SHOP"."BILL_SALE_PK" ON "STORE_SHOP"."BILL_SALE" ("ID") 
  PCTFREE 10 INITRANS 2 MAXTRANS 255 COMPUTE STATISTICS 
  STORAGE(INITIAL 65536 NEXT 1048576 MINEXTENTS 1 MAXEXTENTS 2147483645
  PCTINCREASE 0 FREELISTS 1 FREELIST GROUPS 1 BUFFER_POOL DEFAULT FLASH_CACHE DEFAULT CELL_FLASH_CACHE DEFAULT)
  TABLESPACE "SYSTEM" ;
--------------------------------------------------------
--  DDL for Index BILL_SALE_DETAILS_PK
--------------------------------------------------------

  CREATE UNIQUE INDEX "STORE_SHOP"."BILL_SALE_DETAILS_PK" ON "STORE_SHOP"."BILL_SALE_DETAILS" ("ID") 
  PCTFREE 10 INITRANS 2 MAXTRANS 255 COMPUTE STATISTICS 
  STORAGE(INITIAL 65536 NEXT 1048576 MINEXTENTS 1 MAXEXTENTS 2147483645
  PCTINCREASE 0 FREELISTS 1 FREELIST GROUPS 1 BUFFER_POOL DEFAULT FLASH_CACHE DEFAULT CELL_FLASH_CACHE DEFAULT)
  TABLESPACE "SYSTEM" ;
--------------------------------------------------------
--  DDL for Index PRODUCTS_TYPE_PK
--------------------------------------------------------

  CREATE UNIQUE INDEX "STORE_SHOP"."PRODUCTS_TYPE_PK" ON "STORE_SHOP"."PRODUCTS_TYPE" ("ID") 
  PCTFREE 10 INITRANS 2 MAXTRANS 255 COMPUTE STATISTICS 
  STORAGE(INITIAL 65536 NEXT 1048576 MINEXTENTS 1 MAXEXTENTS 2147483645
  PCTINCREASE 0 FREELISTS 1 FREELIST GROUPS 1 BUFFER_POOL DEFAULT FLASH_CACHE DEFAULT CELL_FLASH_CACHE DEFAULT)
  TABLESPACE "SYSTEM" ;
--------------------------------------------------------
--  DDL for Index EMPLOYEES_PK
--------------------------------------------------------

  CREATE UNIQUE INDEX "STORE_SHOP"."EMPLOYEES_PK" ON "STORE_SHOP"."EMPLOYEES" ("ID") 
  PCTFREE 10 INITRANS 2 MAXTRANS 255 COMPUTE STATISTICS 
  STORAGE(INITIAL 65536 NEXT 1048576 MINEXTENTS 1 MAXEXTENTS 2147483645
  PCTINCREASE 0 FREELISTS 1 FREELIST GROUPS 1 MAXSIZE UNLIMITED BUFFER_POOL DEFAULT FLASH_CACHE DEFAULT CELL_FLASH_CACHE DEFAULT)
  TABLESPACE "SYSTEM" ;
--------------------------------------------------------
--  DDL for Index SUPPLIERS_PK
--------------------------------------------------------

  CREATE UNIQUE INDEX "STORE_SHOP"."SUPPLIERS_PK" ON "STORE_SHOP"."SUPPLIERS" ("ID") 
  PCTFREE 10 INITRANS 2 MAXTRANS 255 COMPUTE STATISTICS 
  STORAGE(INITIAL 65536 NEXT 1048576 MINEXTENTS 1 MAXEXTENTS 2147483645
  PCTINCREASE 0 FREELISTS 1 FREELIST GROUPS 1 MAXSIZE UNLIMITED BUFFER_POOL DEFAULT FLASH_CACHE DEFAULT CELL_FLASH_CACHE DEFAULT)
  TABLESPACE "SYSTEM" ;
--------------------------------------------------------
--  DDL for Index PS_TXN_IDX
--------------------------------------------------------

  CREATE INDEX "STORE_SHOP"."PS_TXN_IDX" ON "STORE_SHOP"."PS_TXN" ("COLLID", "ID") REVERSE 
  PCTFREE 10 INITRANS 2 MAXTRANS 255 COMPUTE STATISTICS 
  STORAGE(INITIAL 65536 NEXT 1048576 MINEXTENTS 1 MAXEXTENTS 2147483645
  PCTINCREASE 0 FREELISTS 1 FREELIST GROUPS 1 BUFFER_POOL DEFAULT FLASH_CACHE DEFAULT CELL_FLASH_CACHE DEFAULT)
  TABLESPACE "SYSTEM" ;
--------------------------------------------------------
--  DDL for Index PRODUCTS_PK
--------------------------------------------------------

  CREATE UNIQUE INDEX "STORE_SHOP"."PRODUCTS_PK" ON "STORE_SHOP"."PRODUCTS" ("ID") 
  PCTFREE 10 INITRANS 2 MAXTRANS 255 COMPUTE STATISTICS 
  STORAGE(INITIAL 65536 NEXT 1048576 MINEXTENTS 1 MAXEXTENTS 2147483645
  PCTINCREASE 0 FREELISTS 1 FREELIST GROUPS 1 BUFFER_POOL DEFAULT FLASH_CACHE DEFAULT CELL_FLASH_CACHE DEFAULT)
  TABLESPACE "SYSTEM" ;
--------------------------------------------------------
--  DDL for Index SYS_ROLE_TASKFLOW_UK1
--------------------------------------------------------

  CREATE UNIQUE INDEX "STORE_SHOP"."SYS_ROLE_TASKFLOW_UK1" ON "STORE_SHOP"."SYS_ROLE_TASKFLOW" ("ROLE_ID", "TASKFLOW_ID") 
  PCTFREE 10 INITRANS 2 MAXTRANS 255 COMPUTE STATISTICS 
  STORAGE(INITIAL 65536 NEXT 1048576 MINEXTENTS 1 MAXEXTENTS 2147483645
  PCTINCREASE 0 FREELISTS 1 FREELIST GROUPS 1 BUFFER_POOL DEFAULT FLASH_CACHE DEFAULT CELL_FLASH_CACHE DEFAULT)
  TABLESPACE "SYSTEM" ;
--------------------------------------------------------
--  DDL for Index SYSTEM_ROLE_PK
--------------------------------------------------------

  CREATE UNIQUE INDEX "STORE_SHOP"."SYSTEM_ROLE_PK" ON "STORE_SHOP"."SYSTEM_ROLE" ("ID") 
  PCTFREE 10 INITRANS 2 MAXTRANS 255 COMPUTE STATISTICS 
  STORAGE(INITIAL 65536 NEXT 1048576 MINEXTENTS 1 MAXEXTENTS 2147483645
  PCTINCREASE 0 FREELISTS 1 FREELIST GROUPS 1 MAXSIZE UNLIMITED BUFFER_POOL DEFAULT FLASH_CACHE DEFAULT CELL_FLASH_CACHE DEFAULT)
  TABLESPACE "SYSTEM" ;
--------------------------------------------------------
--  DDL for Index PRODUCTS_CATEGORY_UK1
--------------------------------------------------------

  CREATE UNIQUE INDEX "STORE_SHOP"."PRODUCTS_CATEGORY_UK1" ON "STORE_SHOP"."PRODUCTS_CATEGORY" ("NAME") 
  PCTFREE 10 INITRANS 2 MAXTRANS 255 COMPUTE STATISTICS 
  STORAGE(INITIAL 65536 NEXT 1048576 MINEXTENTS 1 MAXEXTENTS 2147483645
  PCTINCREASE 0 FREELISTS 1 FREELIST GROUPS 1 BUFFER_POOL DEFAULT FLASH_CACHE DEFAULT CELL_FLASH_CACHE DEFAULT)
  TABLESPACE "SYSTEM" ;
--------------------------------------------------------
--  DDL for Index OTHER_PAYMENTS_PK
--------------------------------------------------------

  CREATE UNIQUE INDEX "STORE_SHOP"."OTHER_PAYMENTS_PK" ON "STORE_SHOP"."OTHER_PAYMENTS" ("ID") 
  PCTFREE 10 INITRANS 2 MAXTRANS 255 COMPUTE STATISTICS 
  STORAGE(INITIAL 65536 NEXT 1048576 MINEXTENTS 1 MAXEXTENTS 2147483645
  PCTINCREASE 0 FREELISTS 1 FREELIST GROUPS 1 BUFFER_POOL DEFAULT FLASH_CACHE DEFAULT CELL_FLASH_CACHE DEFAULT)
  TABLESPACE "SYSTEM" ;
--------------------------------------------------------
--  DDL for Index PRODUCTS_CATEGORY_PK
--------------------------------------------------------

  CREATE UNIQUE INDEX "STORE_SHOP"."PRODUCTS_CATEGORY_PK" ON "STORE_SHOP"."PRODUCTS_CATEGORY" ("ID") 
  PCTFREE 10 INITRANS 2 MAXTRANS 255 COMPUTE STATISTICS 
  STORAGE(INITIAL 65536 NEXT 1048576 MINEXTENTS 1 MAXEXTENTS 2147483645
  PCTINCREASE 0 FREELISTS 1 FREELIST GROUPS 1 BUFFER_POOL DEFAULT FLASH_CACHE DEFAULT CELL_FLASH_CACHE DEFAULT)
  TABLESPACE "SYSTEM" ;
--------------------------------------------------------
--  Constraints for Table PAYMENTS_TYPES
--------------------------------------------------------

  ALTER TABLE "STORE_SHOP"."PAYMENTS_TYPES" MODIFY ("NAME" NOT NULL ENABLE);
  ALTER TABLE "STORE_SHOP"."PAYMENTS_TYPES" ADD CONSTRAINT "PAYMENTS_TYPES_PK" PRIMARY KEY ("ID")
  USING INDEX PCTFREE 10 INITRANS 2 MAXTRANS 255 COMPUTE STATISTICS 
  STORAGE(INITIAL 65536 NEXT 1048576 MINEXTENTS 1 MAXEXTENTS 2147483645
  PCTINCREASE 0 FREELISTS 1 FREELIST GROUPS 1 BUFFER_POOL DEFAULT FLASH_CACHE DEFAULT CELL_FLASH_CACHE DEFAULT)
  TABLESPACE "SYSTEM"  ENABLE;
--------------------------------------------------------
--  Constraints for Table SYSTEM_ROLE
--------------------------------------------------------

  ALTER TABLE "STORE_SHOP"."SYSTEM_ROLE" MODIFY ("NAME" NOT NULL ENABLE);
  ALTER TABLE "STORE_SHOP"."SYSTEM_ROLE" ADD CONSTRAINT "SYSTEM_ROLE_PK" PRIMARY KEY ("ID")
  USING INDEX PCTFREE 10 INITRANS 2 MAXTRANS 255 COMPUTE STATISTICS 
  STORAGE(INITIAL 65536 NEXT 1048576 MINEXTENTS 1 MAXEXTENTS 2147483645
  PCTINCREASE 0 FREELISTS 1 FREELIST GROUPS 1 MAXSIZE UNLIMITED BUFFER_POOL DEFAULT FLASH_CACHE DEFAULT CELL_FLASH_CACHE DEFAULT)
  TABLESPACE "SYSTEM"  ENABLE;
--------------------------------------------------------
--  Constraints for Table PRODUCTS
--------------------------------------------------------

  ALTER TABLE "STORE_SHOP"."PRODUCTS" ADD CONSTRAINT "PRODUCTS_PK" PRIMARY KEY ("ID")
  USING INDEX PCTFREE 10 INITRANS 2 MAXTRANS 255 COMPUTE STATISTICS 
  STORAGE(INITIAL 65536 NEXT 1048576 MINEXTENTS 1 MAXEXTENTS 2147483645
  PCTINCREASE 0 FREELISTS 1 FREELIST GROUPS 1 BUFFER_POOL DEFAULT FLASH_CACHE DEFAULT CELL_FLASH_CACHE DEFAULT)
  TABLESPACE "SYSTEM"  ENABLE;
  ALTER TABLE "STORE_SHOP"."PRODUCTS" MODIFY ("TYPE" NOT NULL ENABLE);
  ALTER TABLE "STORE_SHOP"."PRODUCTS" MODIFY ("CATEGORY" NOT NULL ENABLE);
  ALTER TABLE "STORE_SHOP"."PRODUCTS" MODIFY ("ID" NOT NULL ENABLE);
--------------------------------------------------------
--  Constraints for Table SUPPLIERS
--------------------------------------------------------

  ALTER TABLE "STORE_SHOP"."SUPPLIERS" MODIFY ("ID" NOT NULL ENABLE);
  ALTER TABLE "STORE_SHOP"."SUPPLIERS" MODIFY ("COMPANY_NAME" NOT NULL ENABLE);
  ALTER TABLE "STORE_SHOP"."SUPPLIERS" MODIFY ("PHONE_NUMBER" NOT NULL ENABLE);
  ALTER TABLE "STORE_SHOP"."SUPPLIERS" ADD CONSTRAINT "SUPPLIERS_PK" PRIMARY KEY ("ID")
  USING INDEX PCTFREE 10 INITRANS 2 MAXTRANS 255 COMPUTE STATISTICS 
  STORAGE(INITIAL 65536 NEXT 1048576 MINEXTENTS 1 MAXEXTENTS 2147483645
  PCTINCREASE 0 FREELISTS 1 FREELIST GROUPS 1 MAXSIZE UNLIMITED BUFFER_POOL DEFAULT FLASH_CACHE DEFAULT CELL_FLASH_CACHE DEFAULT)
  TABLESPACE "SYSTEM"  ENABLE;
--------------------------------------------------------
--  Constraints for Table BILL_SALE_DETAILS
--------------------------------------------------------

  ALTER TABLE "STORE_SHOP"."BILL_SALE_DETAILS" MODIFY ("PRODUCT_CATEGORY" NOT NULL ENABLE);
  ALTER TABLE "STORE_SHOP"."BILL_SALE_DETAILS" MODIFY ("AMOUNT" NOT NULL ENABLE);
  ALTER TABLE "STORE_SHOP"."BILL_SALE_DETAILS" ADD CONSTRAINT "BILL_SALE_DETAILS_UK1" UNIQUE ("BILL_SALE_ID", "PRODUCT")
  USING INDEX PCTFREE 10 INITRANS 2 MAXTRANS 255 COMPUTE STATISTICS 
  STORAGE(INITIAL 65536 NEXT 1048576 MINEXTENTS 1 MAXEXTENTS 2147483645
  PCTINCREASE 0 FREELISTS 1 FREELIST GROUPS 1 BUFFER_POOL DEFAULT FLASH_CACHE DEFAULT CELL_FLASH_CACHE DEFAULT)
  TABLESPACE "SYSTEM"  ENABLE;
  ALTER TABLE "STORE_SHOP"."BILL_SALE_DETAILS" MODIFY ("PRODUCT" NOT NULL ENABLE);
  ALTER TABLE "STORE_SHOP"."BILL_SALE_DETAILS" MODIFY ("ID" NOT NULL ENABLE);
  ALTER TABLE "STORE_SHOP"."BILL_SALE_DETAILS" MODIFY ("PRICE" NOT NULL ENABLE);
  ALTER TABLE "STORE_SHOP"."BILL_SALE_DETAILS" MODIFY ("BILL_SALE_ID" NOT NULL ENABLE);
  ALTER TABLE "STORE_SHOP"."BILL_SALE_DETAILS" ADD CONSTRAINT "BILL_SALE_DETAILS_PK" PRIMARY KEY ("ID")
  USING INDEX PCTFREE 10 INITRANS 2 MAXTRANS 255 COMPUTE STATISTICS 
  STORAGE(INITIAL 65536 NEXT 1048576 MINEXTENTS 1 MAXEXTENTS 2147483645
  PCTINCREASE 0 FREELISTS 1 FREELIST GROUPS 1 BUFFER_POOL DEFAULT FLASH_CACHE DEFAULT CELL_FLASH_CACHE DEFAULT)
  TABLESPACE "SYSTEM"  ENABLE;
--------------------------------------------------------
--  Constraints for Table SYS_ROLE_TASKFLOW
--------------------------------------------------------

  ALTER TABLE "STORE_SHOP"."SYS_ROLE_TASKFLOW" MODIFY ("ID" NOT NULL ENABLE);
  ALTER TABLE "STORE_SHOP"."SYS_ROLE_TASKFLOW" MODIFY ("ROLE_ID" NOT NULL ENABLE);
  ALTER TABLE "STORE_SHOP"."SYS_ROLE_TASKFLOW" MODIFY ("TASKFLOW_ID" NOT NULL ENABLE);
  ALTER TABLE "STORE_SHOP"."SYS_ROLE_TASKFLOW" ADD CONSTRAINT "SYS_ROLE_TASKFLOW_UK1" UNIQUE ("ROLE_ID", "TASKFLOW_ID")
  USING INDEX PCTFREE 10 INITRANS 2 MAXTRANS 255 COMPUTE STATISTICS 
  STORAGE(INITIAL 65536 NEXT 1048576 MINEXTENTS 1 MAXEXTENTS 2147483645
  PCTINCREASE 0 FREELISTS 1 FREELIST GROUPS 1 BUFFER_POOL DEFAULT FLASH_CACHE DEFAULT CELL_FLASH_CACHE DEFAULT)
  TABLESPACE "SYSTEM"  ENABLE;
  ALTER TABLE "STORE_SHOP"."SYS_ROLE_TASKFLOW" ADD CONSTRAINT "SYS_ROLE_TASKFLOW_PK" PRIMARY KEY ("ID")
  USING INDEX PCTFREE 10 INITRANS 2 MAXTRANS 255 COMPUTE STATISTICS 
  STORAGE(INITIAL 65536 NEXT 1048576 MINEXTENTS 1 MAXEXTENTS 2147483645
  PCTINCREASE 0 FREELISTS 1 FREELIST GROUPS 1 BUFFER_POOL DEFAULT FLASH_CACHE DEFAULT CELL_FLASH_CACHE DEFAULT)
  TABLESPACE "SYSTEM"  ENABLE;
--------------------------------------------------------
--  Constraints for Table PRODUCTS_TYPE
--------------------------------------------------------

  ALTER TABLE "STORE_SHOP"."PRODUCTS_TYPE" MODIFY ("SALE_PRICE" NOT NULL ENABLE);
  ALTER TABLE "STORE_SHOP"."PRODUCTS_TYPE" ADD CONSTRAINT "PRODUCTS_TYPE_UK1" UNIQUE ("NAME")
  USING INDEX PCTFREE 10 INITRANS 2 MAXTRANS 255 COMPUTE STATISTICS 
  STORAGE(INITIAL 65536 NEXT 1048576 MINEXTENTS 1 MAXEXTENTS 2147483645
  PCTINCREASE 0 FREELISTS 1 FREELIST GROUPS 1 BUFFER_POOL DEFAULT FLASH_CACHE DEFAULT CELL_FLASH_CACHE DEFAULT)
  TABLESPACE "SYSTEM"  ENABLE;
  ALTER TABLE "STORE_SHOP"."PRODUCTS_TYPE" MODIFY ("PURCHASE_PRICE" NOT NULL ENABLE);
  ALTER TABLE "STORE_SHOP"."PRODUCTS_TYPE" ADD CONSTRAINT "PRODUCTS_TYPE_PK" PRIMARY KEY ("ID")
  USING INDEX PCTFREE 10 INITRANS 2 MAXTRANS 255 COMPUTE STATISTICS 
  STORAGE(INITIAL 65536 NEXT 1048576 MINEXTENTS 1 MAXEXTENTS 2147483645
  PCTINCREASE 0 FREELISTS 1 FREELIST GROUPS 1 BUFFER_POOL DEFAULT FLASH_CACHE DEFAULT CELL_FLASH_CACHE DEFAULT)
  TABLESPACE "SYSTEM"  ENABLE;
  ALTER TABLE "STORE_SHOP"."PRODUCTS_TYPE" MODIFY ("NAME" NOT NULL ENABLE);
  ALTER TABLE "STORE_SHOP"."PRODUCTS_TYPE" MODIFY ("ID" NOT NULL ENABLE);
--------------------------------------------------------
--  Constraints for Table PS_TXN
--------------------------------------------------------

  ALTER TABLE "STORE_SHOP"."PS_TXN" ADD CONSTRAINT "PS_TXN_PK" PRIMARY KEY ("COLLID", "ID")
  USING INDEX REVERSE PCTFREE 10 INITRANS 2 MAXTRANS 255 COMPUTE STATISTICS 
  STORAGE(INITIAL 65536 NEXT 1048576 MINEXTENTS 1 MAXEXTENTS 2147483645
  PCTINCREASE 0 FREELISTS 1 FREELIST GROUPS 1 BUFFER_POOL DEFAULT FLASH_CACHE DEFAULT CELL_FLASH_CACHE DEFAULT)
  TABLESPACE "SYSTEM"  ENABLE;
--------------------------------------------------------
--  Constraints for Table BILL_SALE
--------------------------------------------------------

  ALTER TABLE "STORE_SHOP"."BILL_SALE" MODIFY ("ID" NOT NULL ENABLE);
  ALTER TABLE "STORE_SHOP"."BILL_SALE" MODIFY ("SALE_DATE" NOT NULL ENABLE);
  ALTER TABLE "STORE_SHOP"."BILL_SALE" MODIFY ("TOTAL_PRICE" NOT NULL ENABLE);
  ALTER TABLE "STORE_SHOP"."BILL_SALE" MODIFY ("CUSTOMER" NOT NULL ENABLE);
  ALTER TABLE "STORE_SHOP"."BILL_SALE" ADD CONSTRAINT "BILL_SALE_PK" PRIMARY KEY ("ID")
  USING INDEX PCTFREE 10 INITRANS 2 MAXTRANS 255 COMPUTE STATISTICS 
  STORAGE(INITIAL 65536 NEXT 1048576 MINEXTENTS 1 MAXEXTENTS 2147483645
  PCTINCREASE 0 FREELISTS 1 FREELIST GROUPS 1 BUFFER_POOL DEFAULT FLASH_CACHE DEFAULT CELL_FLASH_CACHE DEFAULT)
  TABLESPACE "SYSTEM"  ENABLE;
--------------------------------------------------------
--  Constraints for Table CUSTOMERS
--------------------------------------------------------

  ALTER TABLE "STORE_SHOP"."CUSTOMERS" MODIFY ("NAME" NOT NULL ENABLE);
  ALTER TABLE "STORE_SHOP"."CUSTOMERS" MODIFY ("PHONE_NUMBER" NOT NULL ENABLE);
  ALTER TABLE "STORE_SHOP"."CUSTOMERS" MODIFY ("ID" NOT NULL ENABLE);
  ALTER TABLE "STORE_SHOP"."CUSTOMERS" ADD CONSTRAINT "CUSTOMERS_PK" PRIMARY KEY ("ID")
  USING INDEX PCTFREE 10 INITRANS 2 MAXTRANS 255 COMPUTE STATISTICS 
  STORAGE(INITIAL 65536 NEXT 1048576 MINEXTENTS 1 MAXEXTENTS 2147483645
  PCTINCREASE 0 FREELISTS 1 FREELIST GROUPS 1 MAXSIZE UNLIMITED BUFFER_POOL DEFAULT FLASH_CACHE DEFAULT CELL_FLASH_CACHE DEFAULT)
  TABLESPACE "SYSTEM"  ENABLE;
--------------------------------------------------------
--  Constraints for Table PRODUCTS_CATEGORY
--------------------------------------------------------

  ALTER TABLE "STORE_SHOP"."PRODUCTS_CATEGORY" ADD CONSTRAINT "PRODUCTS_CATEGORY_UK1" UNIQUE ("NAME")
  USING INDEX PCTFREE 10 INITRANS 2 MAXTRANS 255 COMPUTE STATISTICS 
  STORAGE(INITIAL 65536 NEXT 1048576 MINEXTENTS 1 MAXEXTENTS 2147483645
  PCTINCREASE 0 FREELISTS 1 FREELIST GROUPS 1 BUFFER_POOL DEFAULT FLASH_CACHE DEFAULT CELL_FLASH_CACHE DEFAULT)
  TABLESPACE "SYSTEM"  ENABLE;
  ALTER TABLE "STORE_SHOP"."PRODUCTS_CATEGORY" ADD CONSTRAINT "PRODUCTS_CATEGORY_PK" PRIMARY KEY ("ID")
  USING INDEX PCTFREE 10 INITRANS 2 MAXTRANS 255 COMPUTE STATISTICS 
  STORAGE(INITIAL 65536 NEXT 1048576 MINEXTENTS 1 MAXEXTENTS 2147483645
  PCTINCREASE 0 FREELISTS 1 FREELIST GROUPS 1 BUFFER_POOL DEFAULT FLASH_CACHE DEFAULT CELL_FLASH_CACHE DEFAULT)
  TABLESPACE "SYSTEM"  ENABLE;
  ALTER TABLE "STORE_SHOP"."PRODUCTS_CATEGORY" MODIFY ("ID" NOT NULL ENABLE);
--------------------------------------------------------
--  Constraints for Table EMPLOYEES
--------------------------------------------------------

  ALTER TABLE "STORE_SHOP"."EMPLOYEES" MODIFY ("NAME" NOT NULL ENABLE);
  ALTER TABLE "STORE_SHOP"."EMPLOYEES" MODIFY ("PHONE_NUMBER" NOT NULL ENABLE);
  ALTER TABLE "STORE_SHOP"."EMPLOYEES" MODIFY ("HIRE_DATE" NOT NULL ENABLE);
  ALTER TABLE "STORE_SHOP"."EMPLOYEES" MODIFY ("ID" NOT NULL ENABLE);
  ALTER TABLE "STORE_SHOP"."EMPLOYEES" ADD CONSTRAINT "EMPLOYEES_PK" PRIMARY KEY ("ID")
  USING INDEX PCTFREE 10 INITRANS 2 MAXTRANS 255 COMPUTE STATISTICS 
  STORAGE(INITIAL 65536 NEXT 1048576 MINEXTENTS 1 MAXEXTENTS 2147483645
  PCTINCREASE 0 FREELISTS 1 FREELIST GROUPS 1 MAXSIZE UNLIMITED BUFFER_POOL DEFAULT FLASH_CACHE DEFAULT CELL_FLASH_CACHE DEFAULT)
  TABLESPACE "SYSTEM"  ENABLE;
--------------------------------------------------------
--  Constraints for Table SYS_USER
--------------------------------------------------------

  ALTER TABLE "STORE_SHOP"."SYS_USER" MODIFY ("ID" NOT NULL ENABLE);
  ALTER TABLE "STORE_SHOP"."SYS_USER" MODIFY ("NAME" NOT NULL ENABLE);
  ALTER TABLE "STORE_SHOP"."SYS_USER" MODIFY ("PASSWORD" NOT NULL ENABLE);
  ALTER TABLE "STORE_SHOP"."SYS_USER" MODIFY ("ROLE" NOT NULL ENABLE);
  ALTER TABLE "STORE_SHOP"."SYS_USER" ADD CONSTRAINT "SYS_USER_PK" PRIMARY KEY ("ID")
  USING INDEX PCTFREE 10 INITRANS 2 MAXTRANS 255 COMPUTE STATISTICS 
  STORAGE(INITIAL 65536 NEXT 1048576 MINEXTENTS 1 MAXEXTENTS 2147483645
  PCTINCREASE 0 FREELISTS 1 FREELIST GROUPS 1 BUFFER_POOL DEFAULT FLASH_CACHE DEFAULT CELL_FLASH_CACHE DEFAULT)
  TABLESPACE "SYSTEM"  ENABLE;
--------------------------------------------------------
--  Constraints for Table OTHER_PAYMENTS
--------------------------------------------------------

  ALTER TABLE "STORE_SHOP"."OTHER_PAYMENTS" MODIFY ("PAYMENT_TYPE" NOT NULL ENABLE);
  ALTER TABLE "STORE_SHOP"."OTHER_PAYMENTS" MODIFY ("PAYMENT_DATE" NOT NULL ENABLE);
  ALTER TABLE "STORE_SHOP"."OTHER_PAYMENTS" MODIFY ("PRICE" NOT NULL ENABLE);
  ALTER TABLE "STORE_SHOP"."OTHER_PAYMENTS" ADD CONSTRAINT "OTHER_PAYMENTS_PK" PRIMARY KEY ("ID")
  USING INDEX PCTFREE 10 INITRANS 2 MAXTRANS 255 COMPUTE STATISTICS 
  STORAGE(INITIAL 65536 NEXT 1048576 MINEXTENTS 1 MAXEXTENTS 2147483645
  PCTINCREASE 0 FREELISTS 1 FREELIST GROUPS 1 BUFFER_POOL DEFAULT FLASH_CACHE DEFAULT CELL_FLASH_CACHE DEFAULT)
  TABLESPACE "SYSTEM"  ENABLE;
--------------------------------------------------------
--  Constraints for Table PRODUCT_STATUS
--------------------------------------------------------

  ALTER TABLE "STORE_SHOP"."PRODUCT_STATUS" ADD CONSTRAINT "PRODUCT_STATUS_PK" PRIMARY KEY ("ID")
  USING INDEX PCTFREE 10 INITRANS 2 MAXTRANS 255 COMPUTE STATISTICS 
  STORAGE(INITIAL 65536 NEXT 1048576 MINEXTENTS 1 MAXEXTENTS 2147483645
  PCTINCREASE 0 FREELISTS 1 FREELIST GROUPS 1 BUFFER_POOL DEFAULT FLASH_CACHE DEFAULT CELL_FLASH_CACHE DEFAULT)
  TABLESPACE "SYSTEM"  ENABLE;
  ALTER TABLE "STORE_SHOP"."PRODUCT_STATUS" MODIFY ("ID" NOT NULL ENABLE);
--------------------------------------------------------
--  Constraints for Table PROJECT_COMPANY_DATA
--------------------------------------------------------

  ALTER TABLE "STORE_SHOP"."PROJECT_COMPANY_DATA" MODIFY ("ID" NOT NULL ENABLE);
  ALTER TABLE "STORE_SHOP"."PROJECT_COMPANY_DATA" MODIFY ("COMPANY_NAME" NOT NULL ENABLE);
  ALTER TABLE "STORE_SHOP"."PROJECT_COMPANY_DATA" MODIFY ("PHONE_NUMBER" NOT NULL ENABLE);
  ALTER TABLE "STORE_SHOP"."PROJECT_COMPANY_DATA" MODIFY ("COMMERICIAL_ID" NOT NULL ENABLE);
  ALTER TABLE "STORE_SHOP"."PROJECT_COMPANY_DATA" MODIFY ("TAX_CARD" NOT NULL ENABLE);
  ALTER TABLE "STORE_SHOP"."PROJECT_COMPANY_DATA" ADD CONSTRAINT "PROJECT_COMPANY_DATA_PK" PRIMARY KEY ("ID")
  USING INDEX PCTFREE 10 INITRANS 2 MAXTRANS 255 COMPUTE STATISTICS 
  STORAGE(INITIAL 65536 NEXT 1048576 MINEXTENTS 1 MAXEXTENTS 2147483645
  PCTINCREASE 0 FREELISTS 1 FREELIST GROUPS 1 BUFFER_POOL DEFAULT FLASH_CACHE DEFAULT CELL_FLASH_CACHE DEFAULT)
  TABLESPACE "SYSTEM"  ENABLE;
--------------------------------------------------------
--  Constraints for Table PURCHASE_BILL
--------------------------------------------------------

  ALTER TABLE "STORE_SHOP"."PURCHASE_BILL" ADD CONSTRAINT "PURCHASE_BILL_PK" PRIMARY KEY ("ID")
  USING INDEX PCTFREE 10 INITRANS 2 MAXTRANS 255 COMPUTE STATISTICS 
  STORAGE(INITIAL 65536 NEXT 1048576 MINEXTENTS 1 MAXEXTENTS 2147483645
  PCTINCREASE 0 FREELISTS 1 FREELIST GROUPS 1 BUFFER_POOL DEFAULT FLASH_CACHE DEFAULT CELL_FLASH_CACHE DEFAULT)
  TABLESPACE "SYSTEM"  ENABLE;
  ALTER TABLE "STORE_SHOP"."PURCHASE_BILL" MODIFY ("TOTAL_PRICE" NOT NULL ENABLE);
  ALTER TABLE "STORE_SHOP"."PURCHASE_BILL" MODIFY ("SUPPLIER" NOT NULL ENABLE);
  ALTER TABLE "STORE_SHOP"."PURCHASE_BILL" MODIFY ("BILL_DATE" NOT NULL ENABLE);
  ALTER TABLE "STORE_SHOP"."PURCHASE_BILL" MODIFY ("ID" NOT NULL ENABLE);
--------------------------------------------------------
--  Constraints for Table PURCHASE_BILL_DETAILS
--------------------------------------------------------

  ALTER TABLE "STORE_SHOP"."PURCHASE_BILL_DETAILS" MODIFY ("PRODUCT_CATEGORY" NOT NULL ENABLE);
  ALTER TABLE "STORE_SHOP"."PURCHASE_BILL_DETAILS" MODIFY ("AMOUNT" NOT NULL ENABLE);
  ALTER TABLE "STORE_SHOP"."PURCHASE_BILL_DETAILS" ADD CONSTRAINT "PURCHASE_BILL_DETAILS_PK" PRIMARY KEY ("ID")
  USING INDEX PCTFREE 10 INITRANS 2 MAXTRANS 255 COMPUTE STATISTICS 
  STORAGE(INITIAL 65536 NEXT 1048576 MINEXTENTS 1 MAXEXTENTS 2147483645
  PCTINCREASE 0 FREELISTS 1 FREELIST GROUPS 1 BUFFER_POOL DEFAULT FLASH_CACHE DEFAULT CELL_FLASH_CACHE DEFAULT)
  TABLESPACE "SYSTEM"  ENABLE;
  ALTER TABLE "STORE_SHOP"."PURCHASE_BILL_DETAILS" MODIFY ("PRODUCT" NOT NULL ENABLE);
  ALTER TABLE "STORE_SHOP"."PURCHASE_BILL_DETAILS" MODIFY ("PURCHASE_BILL" NOT NULL ENABLE);
  ALTER TABLE "STORE_SHOP"."PURCHASE_BILL_DETAILS" MODIFY ("ID" NOT NULL ENABLE);
--------------------------------------------------------
--  Constraints for Table SYS_TASKFLOWS
--------------------------------------------------------

  ALTER TABLE "STORE_SHOP"."SYS_TASKFLOWS" MODIFY ("ID" NOT NULL ENABLE);
  ALTER TABLE "STORE_SHOP"."SYS_TASKFLOWS" MODIFY ("TASKFLOW_NAME" NOT NULL ENABLE);
  ALTER TABLE "STORE_SHOP"."SYS_TASKFLOWS" ADD CONSTRAINT "SYS_TASKFLOWS_PK" PRIMARY KEY ("ID")
  USING INDEX PCTFREE 10 INITRANS 2 MAXTRANS 255 COMPUTE STATISTICS 
  STORAGE(INITIAL 65536 NEXT 1048576 MINEXTENTS 1 MAXEXTENTS 2147483645
  PCTINCREASE 0 FREELISTS 1 FREELIST GROUPS 1 BUFFER_POOL DEFAULT FLASH_CACHE DEFAULT CELL_FLASH_CACHE DEFAULT)
  TABLESPACE "SYSTEM"  ENABLE;
--------------------------------------------------------
--  Ref Constraints for Table BILL_SALE
--------------------------------------------------------

  ALTER TABLE "STORE_SHOP"."BILL_SALE" ADD CONSTRAINT "BILL_SALE_FK1" FOREIGN KEY ("CUSTOMER")
	  REFERENCES "STORE_SHOP"."CUSTOMERS" ("ID") ENABLE;
  ALTER TABLE "STORE_SHOP"."BILL_SALE" ADD CONSTRAINT "BILL_SALE_R03" FOREIGN KEY ("CREATED_BY")
	  REFERENCES "STORE_SHOP"."SYS_USER" ("ID") ENABLE;
  ALTER TABLE "STORE_SHOP"."BILL_SALE" ADD CONSTRAINT "BILL_SALE_R04" FOREIGN KEY ("LAST_UPDATED_BY")
	  REFERENCES "STORE_SHOP"."SYS_USER" ("ID") ENABLE;
--------------------------------------------------------
--  Ref Constraints for Table BILL_SALE_DETAILS
--------------------------------------------------------

  ALTER TABLE "STORE_SHOP"."BILL_SALE_DETAILS" ADD CONSTRAINT "BILL_SALE_DETAILS_FK1" FOREIGN KEY ("PRODUCT")
	  REFERENCES "STORE_SHOP"."PRODUCTS_TYPE" ("ID") ENABLE;
  ALTER TABLE "STORE_SHOP"."BILL_SALE_DETAILS" ADD CONSTRAINT "BILL_SALE_DETAILS_FK2" FOREIGN KEY ("PRODUCT_CATEGORY")
	  REFERENCES "STORE_SHOP"."PRODUCTS_CATEGORY" ("ID") ENABLE;
  ALTER TABLE "STORE_SHOP"."BILL_SALE_DETAILS" ADD CONSTRAINT "BILL_SALE_DETAILS_PARENT" FOREIGN KEY ("BILL_SALE_ID")
	  REFERENCES "STORE_SHOP"."BILL_SALE" ("ID") ENABLE;
  ALTER TABLE "STORE_SHOP"."BILL_SALE_DETAILS" ADD CONSTRAINT "BILL_SALE_DETAILS_R03" FOREIGN KEY ("CREATED_BY")
	  REFERENCES "STORE_SHOP"."SYS_USER" ("ID") ENABLE;
  ALTER TABLE "STORE_SHOP"."BILL_SALE_DETAILS" ADD CONSTRAINT "BILL_SALE_DETAILS_R04" FOREIGN KEY ("LAST_UPDATED_BY")
	  REFERENCES "STORE_SHOP"."SYS_USER" ("ID") ENABLE;
--------------------------------------------------------
--  Ref Constraints for Table CUSTOMERS
--------------------------------------------------------

  ALTER TABLE "STORE_SHOP"."CUSTOMERS" ADD CONSTRAINT "CUSTOMERS_R01" FOREIGN KEY ("CREATED_BY")
	  REFERENCES "STORE_SHOP"."SYS_USER" ("ID") ENABLE;
  ALTER TABLE "STORE_SHOP"."CUSTOMERS" ADD CONSTRAINT "CUSTOMERS_R02" FOREIGN KEY ("LAST_UPDATED_BY")
	  REFERENCES "STORE_SHOP"."SYS_USER" ("ID") ENABLE;
--------------------------------------------------------
--  Ref Constraints for Table EMPLOYEES
--------------------------------------------------------

  ALTER TABLE "STORE_SHOP"."EMPLOYEES" ADD CONSTRAINT "EMPLOYEES_R02" FOREIGN KEY ("CREATED_BY")
	  REFERENCES "STORE_SHOP"."SYSTEM_ROLE" ("ID") ENABLE;
  ALTER TABLE "STORE_SHOP"."EMPLOYEES" ADD CONSTRAINT "EMPLOYEES_R03" FOREIGN KEY ("LAST_UPDATED_BY")
	  REFERENCES "STORE_SHOP"."SYS_USER" ("ID") ENABLE;
--------------------------------------------------------
--  Ref Constraints for Table OTHER_PAYMENTS
--------------------------------------------------------

  ALTER TABLE "STORE_SHOP"."OTHER_PAYMENTS" ADD CONSTRAINT "OTHER_PAYMENTS_R01" FOREIGN KEY ("CREATED_BY")
	  REFERENCES "STORE_SHOP"."SYS_USER" ("ID") ENABLE;
  ALTER TABLE "STORE_SHOP"."OTHER_PAYMENTS" ADD CONSTRAINT "OTHER_PAYMENTS_R02" FOREIGN KEY ("LAST_UPDATED_BY")
	  REFERENCES "STORE_SHOP"."SYS_USER" ("ID") ENABLE;
  ALTER TABLE "STORE_SHOP"."OTHER_PAYMENTS" ADD CONSTRAINT "OTHER_PAYMENTS_R03" FOREIGN KEY ("PAYMENT_TYPE")
	  REFERENCES "STORE_SHOP"."PAYMENTS_TYPES" ("ID") ENABLE;
--------------------------------------------------------
--  Ref Constraints for Table PAYMENTS_TYPES
--------------------------------------------------------

  ALTER TABLE "STORE_SHOP"."PAYMENTS_TYPES" ADD CONSTRAINT "PAYMENTS_TYPES_R01" FOREIGN KEY ("CREATED_BY")
	  REFERENCES "STORE_SHOP"."SYS_USER" ("ID") ENABLE;
  ALTER TABLE "STORE_SHOP"."PAYMENTS_TYPES" ADD CONSTRAINT "PAYMENTS_TYPES_R02" FOREIGN KEY ("LAST_UPDATED_BY")
	  REFERENCES "STORE_SHOP"."SYS_USER" ("ID") ENABLE;
--------------------------------------------------------
--  Ref Constraints for Table PRODUCTS
--------------------------------------------------------

  ALTER TABLE "STORE_SHOP"."PRODUCTS" ADD CONSTRAINT "PRODUCTS_FK1" FOREIGN KEY ("CATEGORY")
	  REFERENCES "STORE_SHOP"."PRODUCTS_CATEGORY" ("ID") ENABLE;
  ALTER TABLE "STORE_SHOP"."PRODUCTS" ADD CONSTRAINT "PRODUCTS_FK2" FOREIGN KEY ("TYPE")
	  REFERENCES "STORE_SHOP"."PRODUCTS_TYPE" ("ID") ENABLE;
  ALTER TABLE "STORE_SHOP"."PRODUCTS" ADD CONSTRAINT "PRODUCTS_FK3" FOREIGN KEY ("STATUS")
	  REFERENCES "STORE_SHOP"."PRODUCT_STATUS" ("ID") ENABLE;
  ALTER TABLE "STORE_SHOP"."PRODUCTS" ADD CONSTRAINT "PRODUCTS_FK4" FOREIGN KEY ("CREATED_BY")
	  REFERENCES "STORE_SHOP"."SYS_USER" ("ID") ENABLE;
  ALTER TABLE "STORE_SHOP"."PRODUCTS" ADD CONSTRAINT "PRODUCTS_FK5" FOREIGN KEY ("LAST_UPDATED_BY")
	  REFERENCES "STORE_SHOP"."SYS_USER" ("ID") ENABLE;
--------------------------------------------------------
--  Ref Constraints for Table PRODUCTS_CATEGORY
--------------------------------------------------------

  ALTER TABLE "STORE_SHOP"."PRODUCTS_CATEGORY" ADD CONSTRAINT "PRODUCTS_CATEGORY_FK1" FOREIGN KEY ("CREATED_BY")
	  REFERENCES "STORE_SHOP"."SYS_USER" ("ID") ENABLE;
  ALTER TABLE "STORE_SHOP"."PRODUCTS_CATEGORY" ADD CONSTRAINT "PRODUCTS_CATEGORY_FK2" FOREIGN KEY ("LAST_UPDATED_BY")
	  REFERENCES "STORE_SHOP"."SYS_USER" ("ID") ENABLE;
--------------------------------------------------------
--  Ref Constraints for Table PRODUCTS_TYPE
--------------------------------------------------------

  ALTER TABLE "STORE_SHOP"."PRODUCTS_TYPE" ADD CONSTRAINT "PRODUCTS_TYPE_FK1" FOREIGN KEY ("CREATED_BY")
	  REFERENCES "STORE_SHOP"."SYS_USER" ("ID") ENABLE;
  ALTER TABLE "STORE_SHOP"."PRODUCTS_TYPE" ADD CONSTRAINT "PRODUCTS_TYPE_FK2" FOREIGN KEY ("LAST_UPDATED_BY")
	  REFERENCES "STORE_SHOP"."SYS_USER" ("ID") ENABLE;
  ALTER TABLE "STORE_SHOP"."PRODUCTS_TYPE" ADD CONSTRAINT "PRODUCTS_TYPE_FK3" FOREIGN KEY ("CATEGORY")
	  REFERENCES "STORE_SHOP"."PRODUCTS_CATEGORY" ("ID") ENABLE;
--------------------------------------------------------
--  Ref Constraints for Table PURCHASE_BILL
--------------------------------------------------------

  ALTER TABLE "STORE_SHOP"."PURCHASE_BILL" ADD CONSTRAINT "PURCHASE_BILL_CREATED_BY_FK2" FOREIGN KEY ("CREATED_BY")
	  REFERENCES "STORE_SHOP"."SYS_USER" ("ID") ENABLE;
  ALTER TABLE "STORE_SHOP"."PURCHASE_BILL" ADD CONSTRAINT "PURCHASE_BILL_LAST_CREATED_FK3" FOREIGN KEY ("LAST_UPDATED_BY")
	  REFERENCES "STORE_SHOP"."SYS_USER" ("ID") ENABLE;
  ALTER TABLE "STORE_SHOP"."PURCHASE_BILL" ADD CONSTRAINT "PURCHASE_BILL_SUPPLIER_FK1" FOREIGN KEY ("SUPPLIER")
	  REFERENCES "STORE_SHOP"."SUPPLIERS" ("ID") ENABLE;
--------------------------------------------------------
--  Ref Constraints for Table PURCHASE_BILL_DETAILS
--------------------------------------------------------

  ALTER TABLE "STORE_SHOP"."PURCHASE_BILL_DETAILS" ADD CONSTRAINT "PURCHASE_BILL_DETAILS_FK1" FOREIGN KEY ("PURCHASE_BILL")
	  REFERENCES "STORE_SHOP"."PURCHASE_BILL" ("ID") ENABLE;
  ALTER TABLE "STORE_SHOP"."PURCHASE_BILL_DETAILS" ADD CONSTRAINT "PURCHASE_BILL_DETAILS_FK2" FOREIGN KEY ("CREATED_BY")
	  REFERENCES "STORE_SHOP"."SYS_USER" ("ID") ENABLE;
  ALTER TABLE "STORE_SHOP"."PURCHASE_BILL_DETAILS" ADD CONSTRAINT "PURCHASE_BILL_DETAILS_FK3" FOREIGN KEY ("LAST_UPDATED_BY")
	  REFERENCES "STORE_SHOP"."SYS_USER" ("ID") ENABLE;
--------------------------------------------------------
--  Ref Constraints for Table SUPPLIERS
--------------------------------------------------------

  ALTER TABLE "STORE_SHOP"."SUPPLIERS" ADD CONSTRAINT "SUPPLIERS_R01" FOREIGN KEY ("CREATED_BY")
	  REFERENCES "STORE_SHOP"."SYS_USER" ("ID") ENABLE;
  ALTER TABLE "STORE_SHOP"."SUPPLIERS" ADD CONSTRAINT "SUPPLIERS_R02" FOREIGN KEY ("LAST_UPDATED_BY")
	  REFERENCES "STORE_SHOP"."SYS_USER" ("ID") ENABLE;
--------------------------------------------------------
--  Ref Constraints for Table SYS_ROLE_TASKFLOW
--------------------------------------------------------

  ALTER TABLE "STORE_SHOP"."SYS_ROLE_TASKFLOW" ADD CONSTRAINT "SYS_ROLE_TASKFLOW_FK1" FOREIGN KEY ("ROLE_ID")
	  REFERENCES "STORE_SHOP"."SYSTEM_ROLE" ("ID") ENABLE;
  ALTER TABLE "STORE_SHOP"."SYS_ROLE_TASKFLOW" ADD CONSTRAINT "SYS_ROLE_TASKFLOW_FK2" FOREIGN KEY ("TASKFLOW_ID")
	  REFERENCES "STORE_SHOP"."SYS_TASKFLOWS" ("ID") ENABLE;
--------------------------------------------------------
--  Ref Constraints for Table SYS_TASKFLOWS
--------------------------------------------------------

  ALTER TABLE "STORE_SHOP"."SYS_TASKFLOWS" ADD CONSTRAINT "SYS_TASKFLOWS_FK1" FOREIGN KEY ("PARENT")
	  REFERENCES "STORE_SHOP"."SYS_TASKFLOWS" ("ID") ENABLE;
  ALTER TABLE "STORE_SHOP"."SYS_TASKFLOWS" ADD CONSTRAINT "TASKFLOW_FK2" FOREIGN KEY ("CREATED_BY")
	  REFERENCES "STORE_SHOP"."SYS_USER" ("ID") ENABLE;
  ALTER TABLE "STORE_SHOP"."SYS_TASKFLOWS" ADD CONSTRAINT "TASKFLOW_FK3" FOREIGN KEY ("LAST_UPDATED_BY")
	  REFERENCES "STORE_SHOP"."SYS_USER" ("ID") ENABLE;
--------------------------------------------------------
--  Ref Constraints for Table SYSTEM_ROLE
--------------------------------------------------------

  ALTER TABLE "STORE_SHOP"."SYSTEM_ROLE" ADD CONSTRAINT "SYSTEM_ROLE_R01" FOREIGN KEY ("CREATED_BY")
	  REFERENCES "STORE_SHOP"."SYS_USER" ("ID") ENABLE;
  ALTER TABLE "STORE_SHOP"."SYSTEM_ROLE" ADD CONSTRAINT "SYSTEM_ROLE_R02" FOREIGN KEY ("LAST_UPDATED_BY")
	  REFERENCES "STORE_SHOP"."SYS_USER" ("ID") ENABLE;
--------------------------------------------------------
--  Ref Constraints for Table SYS_USER
--------------------------------------------------------

  ALTER TABLE "STORE_SHOP"."SYS_USER" ADD CONSTRAINT "SYS_USER_FK1" FOREIGN KEY ("ROLE")
	  REFERENCES "STORE_SHOP"."SYSTEM_ROLE" ("ID") ENABLE;
  ALTER TABLE "STORE_SHOP"."SYS_USER" ADD CONSTRAINT "SYS_USER_R02" FOREIGN KEY ("CREATED_BY")
	  REFERENCES "STORE_SHOP"."SYS_USER" ("ID") ENABLE;
  ALTER TABLE "STORE_SHOP"."SYS_USER" ADD CONSTRAINT "SYS_USER_R03" FOREIGN KEY ("LAST_UPDATED_BY")
	  REFERENCES "STORE_SHOP"."SYS_USER" ("ID") ENABLE;
